lst_temperature,ndvi,ndbi,ndwi,built_up_density,green_cover_percentage,water_body_distance_km,air_temperature,humidity,wind_speed,heat_risk_score
43.479120971119265,0.33527098583883397,0.8010185439379678,0.2789472116237456,0.27063301091573716,53.73236228511131,3.853470569553694,41.363093189708216,30.765113470399562,7.404631254746805,58.54
46.53529977697204,0.46851232805243187,0.775933129289581,0.17736567953093246,0.3704290413385827,31.83840892482341,0.5063228293000416,42.06972992387389,53.42489796049291,11.097052881024485,52.71
47.413960487898066,0.6305287288594285,0.7448684479516332,0.07785548314078704,0.5500407527952756,5.277795820935896,0.9405895619242295,39.61183220512173,58.514297015851774,13.61011678921052,62.01
35.40919412069738,0.3552112773292751,0.332629951359,0.05196860213418866,0.5567786946694504,14.799286150645974,3.41510717447605,35.43158262082962,62.470518822602685,10.403181224026989,43.7
44.64519602790402,0.5730968323729212,0.47123486532112213,0.11533124157209765,0.7118716279812316,10.26712914768411,1.15955937188052,28.125158585767092,60.411596987596226,9.978210279104385,42.04
43.614580620439355,0.3482952540999209,0.5981188371670256,0.05591879925106298,0.2858975551519801,37.756954013104526,2.461261789487036,37.60901381018021,59.424948583721154,9.61661984000709,53.28
39.184143214908275,0.24756756374069788,0.2215724841975576,0.17468695569294496,0.36093850461464694,24.24348947368108,4.296334751687198,31.976971259710794,27.62362337600797,5.376606704263958,39.77
41.2383302945379,0.41207089902183086,0.7487287463744894,0.265725416130955,0.5047901460800529,45.3290600026338,1.0014700155569787,28.38610524327563,29.05215373490388,10.668312207157403,38.88
31.225435580672034,0.3756791038171862,0.30661847189921787,0.27852815003109443,0.534617206680523,22.81310375701709,1.6472580279098072,38.71480408302111,41.28156747490257,3.051799031793212,28.73
47.23795329099029,0.6405774489599445,0.6897949936675247,0.10634798458380784,0.926882283010793,43.49504700622132,3.641072907963179,35.63914553644441,37.25087028303216,3.1566915458419915,59.53
37.11552579667222,0.18153618711689967,0.4141696369054567,0.2316878275767584,0.3325795872044238,47.543942772803526,3.8408937432090084,40.230870251165925,44.444186789879666,9.52770608842932,48.58
40.9969320310964,0.1048888087409279,0.49106518151942674,0.01664566954475699,0.5704931144333891,20.152783041304836,0.8937161065570252,29.757850451283378,51.44400574799704,4.047115622442633,47.73
39.6212227940079,0.27546537294764406,0.6136408440369917,0.009121548411879,0.918919409931084,28.079778721030813,3.9571290908013736,29.406409998681454,46.899624887717216,7.8884839322542515,51.02
39.434561047521505,0.3577681106870199,0.3868829641643255,0.1326275989370209,0.5905043018536533,25.82339593586243,0.30373798342558606,42.04696271130408,65.32723473278949,3.6829890679833293,44.6
30.171514822708872,0.48695606047587753,0.39686364868730584,0.2637690538767607,0.745245960715162,42.969669579718165,0.7171565405883036,43.57220136733933,35.359629590269634,2.4489506741141573,32.82
35.418445677248776,0.5893633330360685,0.7657760304450112,0.12685555712908614,0.9146745463023087,18.127727583286166,2.67227422031223,32.35140653964925,67.12196065220334,3.9752938109842177,40.12
36.70194120006076,0.6950441166362941,0.8241740863784397,0.2994432077827797,0.8680943681588937,49.45922526428889,2.6905201298549555,33.37079388112348,59.74055944499446,9.939935158013133,41.58
29.889333361230307,0.5354132473768668,0.3837223611460053,0.3747252602135117,0.3807279312542636,9.383412485397272,4.189340826199549,30.6058333826164,33.06707386709826,9.192593498250123,22.14
34.206473458001895,0.5553131448567654,0.8802784982426772,0.20029647448093693,0.3079231269134381,3.7246869608264803,1.302348943994505,30.240977702370856,55.49464031257858,3.4619900555423735,37.14
41.88524871285773,0.42772579599358646,0.3398429561620403,0.3216498104729051,0.7365553472118513,41.42716820360817,0.8290772074751036,30.103814662055857,66.74031479529285,6.770938325899287,38.34
37.77168090703067,0.4808617382963285,0.868936279932879,0.114578490752822,0.8936063219840202,4.292693552085328,2.8649506031687584,38.777576898578445,29.7653831687839,3.6840751647669516,60.26
47.324638242863635,0.43742765960234226,0.8531162551201479,0.3217443662451883,0.5505362011664687,43.80769936111375,0.28561656308954114,29.855447945017495,62.324287669723134,11.56180505990194,41.4
38.61539181198107,0.44391028345500705,0.8074172676432079,0.24124286293549027,0.5094286769552603,22.4575702571735,2.2442340145928474,39.08282743485956,64.03707842885461,7.4467625849155965,53.02
32.733247259951625,0.5349092821582401,0.7715981343967373,0.042111231941649986,0.24991914271638363,33.910550515335494,0.9016315721249517,42.0192912377578,38.96506032658335,3.7264631956537118,41.05
31.310634454705564,0.2350680535196581,0.307529376634441,0.04619602546614199,0.21586101225233004,5.880561276541526,1.0382790604920928,28.90749285466198,51.6014717249937,10.168574321594077,30.46
34.35982193904099,0.37794205406444953,0.812503459564226,0.3404526507288824,0.23260629650959397,12.437917299019253,1.3363753813011008,32.239588789147604,50.70546932842477,6.995149108438307,33.59
35.47228276919143,0.39043941666646415,0.2711703320326012,0.3333834215154239,0.2389713998488282,51.091777188939226,0.6757430795834023,42.3407741771618,65.61939147674278,13.754848167039112,31.72
43.58955081542658,0.4676141293971059,0.7452974482046903,0.05382088336525884,0.602051026960728,29.739589249901552,4.3163462917882764,35.86758921508977,42.329027324515906,9.674759254845322,55.39
30.795368219079137,0.3606202281154347,0.4918225580164195,0.09302797621154948,0.475633857586346,22.052407390964866,1.7719787091802182,34.450889355357795,55.85845054551754,5.562517694855424,34.98
46.32696039076356,0.362591778395051,0.4298528435032821,0.21417391593200127,0.8364203665802183,36.934541709125305,4.061080774145972,37.056278693117584,53.48129331704293,5.457867370189541,61.86
32.04809186251437,0.5016187837320238,0.8025033478281258,0.05284113492061757,0.6607848054064398,7.9449789079566,3.683435015702849,29.436384719999843,67.11729202152817,3.648895160453626,37.32
44.01768352170193,0.4358933029031301,0.7478368732406828,0.31804593559323435,0.9095202971129976,16.175934399637732,3.032364297719884,29.61583635859482,52.727456501085456,4.055495649113466,58.1
39.448610280676995,0.35289034943779773,0.5658422428591859,0.3055693560026352,0.79943353738405,28.591967209922316,3.078048519308539,43.83101600673173,30.388011482550525,3.405242790801326,60.0
41.157265700810555,0.3220953955137466,0.7420249912992902,0.26849256532343707,0.45022831874617864,49.71506046279986,3.860154305939131,32.599093995472984,41.38864079974243,5.773279762451155,46.35
30.955667450843833,0.6584828511942336,0.5065328260391273,0.15332792911096393,0.7472642815080335,31.755639393150798,4.6934719368246185,41.265125396459666,46.571630385604315,6.5163136817699145,39.64
42.35520472007287,0.6682765290024967,0.28293500405192895,0.34021347167631305,0.6778054129934057,9.339927273425854,3.0236383998522594,39.663638206792626,25.553620864987128,7.451815542100959,47.81
33.9071805068818,0.3480562531690582,0.5096198889475252,0.12077095657699664,0.8888314216366657,43.62728984243883,0.7308243727813304,44.94958918323874,64.56400109384853,5.406901254368467,47.83
30.128390637427657,0.6994180748082551,0.6659793152745759,0.2600500062235188,0.26783054523809957,49.645736742624514,0.3391976153814532,32.0940769866995,31.435984382498575,11.321215288306622,19.23
46.212764542617705,0.47657487556286854,0.22531389734628737,0.0021719336514801845,0.2387434377607992,34.508109237681836,4.047112692125193,32.05539795066561,63.22339793153828,2.6867832818391246,52.7
46.55590860344561,0.5518704594178473,0.688684548785046,0.33519208746215323,0.23011347466029983,13.49266975739088,0.7996336606670869,36.57702683328077,58.533465774798,9.560142134916784,49.3
31.10425984882182,0.527503709757855,0.33512904360823287,0.10830350052712011,0.7324285229609779,53.970648814731454,3.135409308689934,28.926505354852026,52.73390364673898,2.508206618962005,25.44
42.19156570201241,0.16253310017462708,0.26420470407693863,0.0734132915521276,0.9350203846656444,26.845153407841472,3.9635885520387584,38.818941815832204,50.758591748138684,3.7415630559805964,64.04
34.02685265029436,0.42571119027490234,0.6898431612123462,0.25969326209812355,0.9054458072716389,10.718827475843016,2.640093144545322,34.86858464259302,46.33759282671782,3.4306103143729354,46.09
33.56151091562515,0.2480579924445403,0.499532249576945,0.2443950188146513,0.6759718380636972,24.414166622449653,2.1621589252577462,31.699684953848354,51.473781178405375,5.804490935806855,32.83
36.368000883137206,0.35818623880861067,0.3579150077429477,0.2289831732488463,0.6243289253239408,39.50411341773931,3.3101527145658083,39.09136196085754,39.22963683208194,11.449186663831446,42.92
36.6283639035978,0.45690811261168707,0.452460134115178,0.20509569784270332,0.7525292663616652,49.0929501096328,4.62107454701692,36.56175972811269,48.41238016332561,11.598444929166037,41.01
44.74764724690137,0.37119207023632517,0.2810997070346879,0.02882365882917748,0.8314949082795973,5.889531679157651,1.5469348934415483,33.68021068852628,32.78475003362172,5.766720437623871,55.41
28.293656871201414,0.5876627259384462,0.7995836165021908,0.14890462927661927,0.3152096742954761,34.243701213144206,0.7744282681514929,34.20362913833029,68.12931314054376,13.945573671003645,19.38
34.219230198415325,0.49698228195796007,0.6937844558388089,0.15513667806545992,0.6806664759396195,3.5578375387351646,1.2034767612907589,36.92650115044344,32.368808691623315,3.9908824145184036,48.48
47.78266005367211,0.4113801282184914,0.7873488116171994,0.39612866573050903,0.30619691642658103,26.308771889226257,2.0843490360412154,29.360837821985147,58.989857775763504,7.205348327871116,53.73
31.013459476264803,0.16760232395006425,0.8349725355093505,0.017859635589711553,0.3746392137077797,18.187085176355474,2.552948203527615,37.96956794125153,47.19804891328,3.0093840146825843,40.99
44.871767695250824,0.4644326553109983,0.6544043350939921,0.268081302140542,0.7721772642796467,6.021641049515262,1.9597202476765394,37.171966399448536,40.23054174837967,12.133746479446238,61.15
43.37255178918758,0.6038100859727599,0.5533540380324486,0.36382089754853997,0.6403429554027354,47.21426353935353,1.8348358188393163,36.47988829503525,48.913496845206,3.259756590752847,47.74
46.34675345103352,0.46004095623708247,0.3242546077058772,0.135542254243842,0.34370225724702486,4.290802853525772,4.6518102008193285,35.619524580366814,38.83907825893537,9.181726298692839,57.64
33.56044213201628,0.5069717527042801,0.6436388411484841,0.39272237901701423,0.665268282243533,27.830305428642106,3.8548763032832367,43.3565738233889,57.43131760232582,13.558534682592555,39.5
45.33602876523853,0.12416764626936416,0.7126894520956515,0.17603547981094747,0.6148278518084564,37.01332529308255,4.8551125601867335,44.73782738433762,37.97027104695574,10.805041969254994,62.38
28.818939205714393,0.555273032893966,0.5427898192718341,0.39421606779797047,0.5487300921452398,53.85168291183969,2.1755648105314873,41.492596559519534,28.81686725403244,8.665540521653167,26.45
46.49403334439778,0.5846790089013305,0.22587950904082196,0.1490809365226937,0.23652385423538846,8.682679137957017,3.441467017603924,40.12538933729887,59.817430723823186,12.385478576667953,49.47
44.01743184213264,0.0818264113851315,0.364174605308909,0.24875910935009832,0.8435939784686173,3.2340064968622744,2.670220842158479,39.51388578919475,26.332328010787595,6.816266690640655,67.2
41.432256177117175,0.20447793618438825,0.7969467907423389,0.13921256936380574,0.8400085033580447,18.545069858183087,3.0335372042391153,34.74798115171318,37.367127283978014,12.63869074606243,51.7
29.696231824715262,0.2722525100546792,0.7023474033490973,0.3229726423905127,0.9490575275500737,18.410826964580576,2.1581213654301545,30.325961726503646,50.86923683303651,13.970960447155006,27.55
39.904256808267434,0.30503991039916606,0.8407091321998883,0.1987666384521398,0.30077518498479616,21.999680086354942,0.5224000104692811,31.433643640709285,25.79509514499605,7.4393589980019605,41.37
34.865849247578154,0.32324815147843006,0.8714464909912032,0.30078524862996625,0.6056424777087135,17.796125505814913,4.505584634110377,31.99665098697121,39.64042287325047,12.908777773075382,39.03
42.84635898835953,0.43398411620644795,0.6574074463066466,0.11975331660593024,0.3810290462199972,19.769602052770594,0.9461195076004278,42.863344209943726,37.74611199625513,8.737872732972615,55.1
43.67648218751427,0.3349510680797253,0.5333801160107079,0.39788069957400996,0.705948107734268,45.3611990421299,4.532259052252313,41.389027215898764,33.33307052291054,8.746048804850867,62.52
41.058442531279965,0.6709771283220771,0.558912445010078,0.1731889971471069,0.2268820635636224,52.908275161119455,0.6944128838247621,28.698344586182397,36.07299751772223,2.786365207020589,29.85
38.32175602514225,0.2531704668685795,0.23567233780242025,0.04464014729969068,0.4883782834924461,6.147479442979879,3.5513106829275847,31.519349205921802,38.59322059526373,6.72950932613717,50.35
28.03321415349601,0.12284574114915339,0.8039351946186146,0.0004932250047632536,0.5811255168596563,28.454104338374822,1.7988519728510615,35.332559342489645,60.12615118869629,12.094444474579477,34.82
34.449808819354594,0.20761385446841624,0.5359043803857455,0.27330334306352516,0.3711896565975654,20.198258586853065,4.665846164427922,28.82567792739829,45.73463223578048,10.538696499161334,33.38
28.947480400109637,0.139833491565045,0.843176235471478,0.0037039127284493657,0.3412414811085139,4.626742670885516,0.7310214442985756,38.54253787268104,35.87375089325886,8.830544605168122,42.25
44.98870666179558,0.05308190539271805,0.7973586215396566,0.24764763457078962,0.3220576145787182,43.19274418303477,4.306359400594811,32.32247922382067,66.34571564062064,7.453489163583894,61.95
47.69299067235288,0.28499845111547956,0.769211542074079,0.12735964713138387,0.7994101416811183,34.238163780857406,1.2385073370819268,35.03844359441702,39.29360354636027,2.9373007169643666,63.48
34.929573108143614,0.06237219608136628,0.31584143030724254,0.29007332834034755,0.731068426762691,41.406180095783895,1.722335221423898,43.13033077100082,51.72237466128014,3.5123161009595183,49.04
41.86190853859403,0.16241355868735075,0.5551048911074303,0.3967097903714843,0.20300570355000463,3.86214969867296,4.966805993266432,37.93886018028081,30.71094889833309,12.767626397049124,57.99
38.72400826222751,0.4541648194094917,0.39123103405061344,0.02020787854880206,0.6459257066681483,18.327270046543674,3.3853810239696895,42.216168006324224,25.817224476146382,9.148565296228728,56.18
45.477769958076024,0.2148819292651885,0.6275390932647928,0.2214163360358446,0.4971248750444367,38.23627970718929,3.6836942466340825,37.637942520429576,59.12900067331393,13.801004911915252,55.11
38.29166103771062,0.05810542066178861,0.7572199894172649,0.20809202681839756,0.5059710727704239,7.891742080648582,4.4703508240419065,34.71512308068946,55.71617191941492,3.792489876417809,54.34
31.56883523643662,0.17970229538466875,0.8012880023903997,0.3650330976567725,0.35911055564247607,27.429646185091052,3.7207755419015833,42.93221747478363,42.05737127667874,8.204233842193151,46.08
42.62271953305591,0.5589240845169552,0.5989536730490684,0.04184603872191009,0.8779799681585301,48.00977204469346,4.030867691927998,29.697662111732402,34.19788151866432,10.923204381291823,45.96
47.584492674145594,0.29514404223119245,0.7035187735835764,0.35502843539521733,0.4959724161125617,19.594889407182634,3.121957418711584,37.87681935371686,43.41129899311587,9.2212970704125,60.52
37.35280513253193,0.17788241748791034,0.4640441880181027,0.15764279303724746,0.2983315197696649,11.469318028836856,3.4858979522896507,33.77112182155135,67.97042763351135,4.923160944303289,41.3
43.07009126000516,0.6226734337466155,0.3946793498100415,0.0808352406581912,0.3393246011533154,30.14463967105864,2.448399877984501,32.41047727752708,27.032790264524188,7.777896083915369,42.52
41.05038401505327,0.3720792618086019,0.2774844518207313,0.10097451621983491,0.42108046218090706,42.76978473557618,4.408211826870173,43.327911510629455,69.30558737128393,13.78840019725439,46.41
29.436442810057688,0.13956579835307337,0.41312656853322305,0.2211593016257846,0.2727334165291095,46.98144180571141,3.1604296595710837,37.220194839137484,32.4390095515281,5.039065692802368,29.95
45.038663155895975,0.42974810903979177,0.7145905992637434,0.1184131451640103,0.4784394778162079,24.052458150179756,3.8480718643713674,41.130000790467655,34.30660873813143,13.298466280857188,63.37
45.922441648472606,0.11525716967237604,0.3851778678059178,0.3385914144271828,0.3346190542595656,24.505532428118432,2.3593246397318057,32.16940254139456,56.961034060119395,12.216015792826447,52.71
38.61700788575629,0.21146416251267347,0.3713575510851018,0.06450162514076965,0.905014258105636,49.175419087490155,3.931321823972923,36.8002458618914,47.07735619803424,8.356947994189976,52.47
36.691261693953805,0.13564064137984383,0.2879646970079752,0.3808998863382733,0.5615230696897628,52.566687295069826,0.985169013008528,37.42508138467887,34.34727640081927,5.038215273519219,44.29
30.379066214804226,0.6459514649589772,0.42507309403763216,0.24325168476583664,0.5487605989919548,23.82346475275447,2.7530532384611273,31.183062058460806,69.48717543338094,11.819694424446356,8.47
37.37518594027905,0.14937012938211836,0.8444661007914975,0.13655482695269106,0.23758001727270034,20.80499119415269,4.0133937463802445,38.586048664799534,58.787736313518685,11.523624606348529,52.92
46.4756663218636,0.3346932418982421,0.6473095544849152,0.0009235090346968012,0.9450263738083835,17.606612070136066,0.4979029113927451,35.79045470612074,30.80635257319188,3.8279205218909085,66.44
35.858547831404664,0.6492040926007467,0.423409546225649,0.29047205135356047,0.5458245726161808,37.3174676587225,3.078537712236754,36.03732753690297,67.75274925809967,6.112563713059471,34.79
41.561881217596564,0.5999049148501406,0.22817761795794664,0.17985307536907225,0.8693657672654946,41.98016818398911,4.9606770391886155,37.03403479715314,54.699807346051806,5.629763373655138,51.34
35.32670977113072,0.5300319632463085,0.48219814288335733,0.22472757202519975,0.7398369012661596,29.46457589107042,4.554014369165641,35.12811679477277,54.11823091644963,6.108349199600649,36.43
36.80100216467105,0.13177456190298542,0.2642065753413047,0.26699596925870317,0.6916383037572893,37.471305138924954,0.29487893764492,33.55129632542026,33.901443126663864,11.337817070528148,31.07
32.93360754452294,0.48410195325119104,0.2905539624207921,0.11006101024068533,0.30399087217506465,17.74307986315992,3.438735427276534,43.475557473149294,34.11350835658837,8.504948419408631,31.74
47.05844936971131,0.44653931387666296,0.3785748517191665,0.2501912627655745,0.44036837125851214,53.758676315968806,2.118445448785457,39.65227125293724,26.045241205604132,6.800737353617064,53.9
40.20454888866492,0.33856287615738456,0.855156249605008,0.3415937504588917,0.4416617553672037,31.31651690614966,2.551156429243821,38.74744250195266,40.035007013144,4.930460009190659,49.0
46.477489989970124,0.5981598757452863,0.884743101535193,0.2979966103118754,0.7735004214214998,42.654684782057316,2.5069166285230713,35.75968730674262,35.81018242670514,9.737830332311486,55.86
33.15616819404709,0.43087489316243555,0.4869876717575302,0.08754264351785289,0.8120420125646233,47.74963580330755,1.0049576944533487,28.1276195576,40.12584858382182,11.57013002816903,31.26
30.766581402320984,0.5533183357689833,0.2809929171166006,0.1560250360626117,0.9489571362589369,13.01472280800731,0.9390251963726068,35.18760565329549,52.885083668643766,13.194809388959039,33.61
29.392812731827892,0.13969838627613845,0.7535165817271956,0.10825286090834418,0.8636367946297705,37.499569375912515,0.7368550514272505,42.15299784370812,32.936037100363414,7.081944736155846,40.81
38.015322981605564,0.4960058951498477,0.6568807144084786,0.39681680221122195,0.9495664319181409,29.85588893705333,0.6569556174121471,40.373336082468214,68.94988351974652,5.819916651548244,50.36
36.495538496309116,0.08342245046200408,0.6705851018564113,0.14133507802738712,0.7905979059736268,46.270243914663276,4.141907775669658,35.083321966677964,39.46955570084048,10.985849356004659,46.25
37.82514892782732,0.6304701626985969,0.3007360872549908,0.3516275118635841,0.272071424728911,10.983327146839923,2.7624320637150097,29.147814163186055,27.376319563004966,2.0062249299884662,31.76
43.4924776258446,0.07264492768194518,0.6565803245260988,0.3292509269664746,0.3260006364334034,10.636914210713021,4.331844673378574,41.99311836915161,49.25237948188841,11.830398551527765,68.49
35.88963035877509,0.5295684114691424,0.38021637152677434,0.3009315657734211,0.5781339532931105,42.01383137330812,2.430462261715182,34.2543737837709,34.86351474153845,4.50055209722018,33.71
30.37820696067921,0.10588852757211432,0.3234039555154911,0.07013860458156876,0.8173307171051749,23.722344420659045,4.953864595330316,30.332591382440413,54.40929215621395,7.384754086415008,35.65
45.50168398108165,0.6841371697884597,0.811001271141925,0.07692027161405322,0.3655984409067006,37.11584171294329,1.5876011918633202,40.49032722326986,50.48892928643401,8.610905221884835,61.85
42.21065543485356,0.0672755472482396,0.234621396002211,0.2406233809824063,0.5646440567167066,16.529602077835552,2.209549219111048,40.88447541845863,62.19751680960685,8.73467681468053,56.96
33.41393522990214,0.3892470060000147,0.4203247329950667,0.22563805481888918,0.7074892868822282,6.4361189678085315,0.20512383210918675,31.60871136029263,65.25301739734515,9.75548915874271,36.5
45.80527923647237,0.355471361186771,0.5332642296750625,0.37421677753706206,0.24461501913750502,14.189270280693364,3.011702360742668,31.323270662894068,55.578715414403106,4.569107472040642,48.75
32.139703192816796,0.3247771222768404,0.3232968094211559,0.053876809969338926,0.8452114146642056,19.66065458706001,1.9316416952876172,28.93959696152087,41.08163305759244,5.177686127858956,36.09
32.107805953448135,0.6274375444908463,0.8507666346436886,0.03993242287071608,0.2805522172164329,8.996974781771375,3.1739324302894976,30.07347239156359,63.35720430686198,11.05125817925471,36.82
38.52121053772042,0.6978401874874497,0.2309225720609129,0.16050598567444535,0.44295250170322714,52.32956593305733,2.968932600788446,41.70524641256033,32.66535371463335,13.743609726805268,34.03
37.873441525412915,0.6810750735547295,0.4665126528520015,0.1590100098219972,0.6385645271037025,9.65873574848492,1.7412110067769033,31.284541481567217,29.647756559817232,12.39373527597224,33.63
35.173455830558225,0.3156350952883633,0.5020633025811483,0.25325967285788376,0.895077043616745,51.504540222163094,2.0791615017471843,33.597461813162084,45.297092508336476,8.815210765141911,35.43
41.17506819633402,0.4103593651968463,0.4245008826858533,0.13829232230505303,0.48394459066979817,7.921267948968212,0.9971006355870711,40.292934636471564,42.5093520184936,4.574467670721724,52.83
43.11079084946854,0.21732453552449138,0.778752917346621,0.37100194385001983,0.6480458968053806,37.78527826756214,0.4523647535506658,44.07383814737241,42.66181304192247,13.086804806545159,56.08
28.092375976866553,0.07505229956023321,0.6762931639689453,0.22506720553277326,0.21989932790455577,41.659917983564036,4.290297617932072,36.43909720146824,45.95908481607647,2.06567730601553,34.48
34.61432133492211,0.6211963528586507,0.46114241129063716,0.22603116425228223,0.40275634114949566,11.350592254415771,3.9195579362303743,36.442038140386785,49.141956568851285,13.584991441780826,30.66
45.11284243404807,0.1719460402972718,0.6159908860111059,0.351258969862215,0.4808479523367033,8.257520628650418,4.0926219307516245,36.189980373156914,50.39767061616303,13.785731555814133,58.8
36.49958771332203,0.29048983910067855,0.49233350485783195,0.047359633271467506,0.7960629188131789,46.56127662572614,1.5651062459523626,33.16454251296905,64.3450415350666,2.2876442663354655,45.51
37.27351429363002,0.49858240022599876,0.31437419010461815,0.2673322963180615,0.48255050590615733,35.17316846482139,0.39245604738932444,35.84936235213666,48.501290229206745,4.57191683425984,33.61
31.769486060246027,0.2736917007411762,0.26776710451348,0.3789279182918418,0.503745546121863,45.066419330350946,4.877202190922464,29.372499760046566,54.325126057074726,12.456909040894567,24.25
36.58052242714825,0.33019963246465983,0.22512922020515125,0.21384030051571012,0.9451572475901355,52.85279135054057,0.3939162984423833,39.9985490617013,38.579419001361885,12.835869840873642,39.29
46.71748204022161,0.594359233462055,0.28225306757682106,0.023929734926919678,0.8260307482452018,11.099398890678128,2.7675111342841787,43.56766258393806,50.53516510971955,6.76679961767389,66.57
29.26234341407742,0.6796890088850392,0.417457929556758,0.07574539666914154,0.4145354763802965,53.1474061343569,0.6525730567424336,42.744151688520084,56.85297524806515,11.960230149908337,28.85
44.843093110337435,0.6631985283306043,0.2888546797536439,0.31831542606678803,0.6092567705607859,31.261770944152754,4.514823566338466,44.52066491699409,56.71772453694314,7.7952606736614065,54.14
35.726829144463636,0.2850393692222307,0.474054789179102,0.03590129410047811,0.2580770639453287,43.55323188136021,2.3411498860170856,43.82163630525855,52.549945386727856,2.422111786213037,49.64
32.116395860260155,0.6842284158532793,0.3530929583061444,0.20630227051522054,0.902132698730147,53.81402195554658,1.3345300898410137,28.83499994375068,31.91208246419913,2.759941744430697,22.91
39.371394294074705,0.6430917175921671,0.576053218586038,0.2503958226796323,0.35140043870715587,44.630348275040205,3.1653867608267996,42.69032609627632,67.69793981526028,6.174809309079107,42.33
32.51857915833565,0.3345970176892941,0.8619855562771312,0.1513239289493661,0.7780799102490275,31.10478799287926,1.0774820980686874,33.452480022208675,54.39363482602684,10.074240736218721,36.77
32.57291205324229,0.5192394066832395,0.31821112912890037,0.3746678767460507,0.34092768427735753,8.580242867291062,2.5887089713538183,36.8323431678648,47.868681165021016,7.240009872066073,24.86
37.72561225341164,0.3606652774808901,0.4952362439001929,0.026730301880585162,0.6447174733622121,14.854324155605486,3.2605231050994394,28.864168853124113,69.16241955638507,7.628060948152067,43.07
37.5112234646587,0.08921503207324413,0.7755494822656648,0.2592734918668537,0.7863177856804588,25.264832902461414,3.262096372383896,42.55589306454233,53.39794492923494,6.17208361803084,58.0
41.43708377228135,0.6743815256293062,0.4596386250791684,0.17003270700565248,0.8090922208902944,29.299640366622544,3.7355508469555185,35.81506089571106,34.69728138157152,10.94244611337213,44.24
31.971673270626162,0.45743623880973555,0.7230888601344487,0.357875154747126,0.40443987306191875,8.757661447228827,4.78902396570862,30.62519249637642,33.89501420145878,5.495953442701589,37.61
45.65651132068156,0.5443549147744134,0.6957102876898446,0.07007222714240147,0.4682619736444807,27.877056156507255,0.9076445767308121,32.64830493615343,38.874994177877994,3.527314379948471,48.39
42.10056393048386,0.09545556045995979,0.5367861712342048,0.31288447810711806,0.7609925967143352,45.38380100337521,2.3515550392189137,41.94947040487763,35.83388820464213,6.3297267370101835,60.55
37.349690788571436,0.30483901457003804,0.36864898149001857,0.3007122836923126,0.4353850790837349,17.18582516758346,0.8282735880823764,35.459968930633124,38.63340829767859,6.431274096091624,34.79
43.26310979639801,0.6545021757805662,0.5485522969522214,0.25719936933633303,0.8503792074550296,54.93914114135025,3.144879126703194,43.126250931177765,65.88737109500389,11.497417853691468,56.82
29.623080008477984,0.060273611036087,0.5340404432980472,0.1977258134138471,0.5055217908972292,32.54470226715095,2.85038097586125,42.22242169755578,29.88956964680181,4.702131993266546,42.51
44.95673734447309,0.696635738853564,0.8110384114709588,0.35595960282893246,0.43576095697242867,23.88640496848757,1.4868085031386449,38.30708976927617,67.24624093931672,6.135690638139413,48.96
33.9259926090697,0.16036998295225985,0.33662987087305896,0.02317813781525198,0.9119701422569431,23.94973964239674,4.203780281610119,39.58260103572475,33.63645226349884,4.105546958949054,53.49
33.29423421239075,0.6436353694062842,0.29803878328264344,0.27108344578178784,0.8108554070232004,15.23333219761354,1.5257953445915169,44.39682106436643,36.90689224057712,7.1594845988005735,36.19
33.060694998593675,0.5542642061841088,0.7402945402604086,0.15132720568951427,0.8263443433105502,14.079896588748124,0.2206677232048575,37.7098451549476,69.73349976035703,2.4637317179226152,44.72
38.37829284974168,0.5764614786891659,0.26232940355253725,0.15809386150355775,0.7603068504724146,22.320246837130803,1.106414818283067,31.323429065741983,43.45219541117474,7.753004897670694,28.84
40.84504837135987,0.4987612704350759,0.8880910200751349,0.16473737612038952,0.5025158024368462,51.01404232174224,1.3802028176242813,40.40685918714873,58.95579121981606,3.173455969345317,54.66
32.01124942643108,0.17049392732161567,0.5246796773240133,0.115771883003226,0.7970453357194032,50.195454352305084,4.053058905384155,32.52252483456831,37.33604771598738,5.056740201409609,38.71
46.87596736207422,0.31133106880209505,0.35728263218211165,0.33866842020329746,0.49939647699334283,4.826074177702662,0.9773195371982297,38.86725578605489,60.230737337727575,4.531212661864555,64.02
45.01994240104329,0.6014474901397026,0.3593628027594499,0.020214395460023085,0.8505676546119378,18.901611894405505,3.1707986296329245,40.91943702291241,30.773196633000406,11.370060254228575,62.48
42.567499314928185,0.3367947865123627,0.8136746971261919,0.2109830520290236,0.7585781958625657,45.666309080647416,3.7968937361552286,32.89353289281862,30.302975540762397,4.8600623523447215,53.21
38.10553844586192,0.42871882705444936,0.4765712862835236,0.3147565525800111,0.8848653127604058,15.829702780932505,3.7353114449690623,39.52552149326576,48.53907246756917,4.262362806489923,53.59
47.21252571257665,0.5191936159518487,0.8425019976380137,0.39367410597919994,0.46403800567942866,36.18762475216952,2.4748771406627745,44.77268869667491,29.22135208034762,6.948498971566695,62.62
33.681026210530305,0.5620653529152673,0.46794821394617897,0.39199141595606335,0.8626473773177807,18.668658598456,3.8969269449817046,33.72656124516557,52.28632780969908,9.901769220719503,32.64
28.489016817640298,0.19310262924899474,0.6983424674120051,0.22540929478781493,0.5717038086508572,5.870917748814984,1.8717242406149897,42.70670394248102,26.390177666621447,6.757234824377745,47.52
29.01761469090029,0.5373087381790138,0.3803288313274255,0.346643532861469,0.7595509842195238,49.05666888463487,1.2364389940700766,37.03197683191628,60.06714746086603,4.948396915939772,20.9
28.5436426699517,0.6730349410840439,0.6970118160382364,0.25422414160407397,0.7579960420212433,30.643871772162846,2.48544234123397,35.64204809909985,53.819764544663855,4.418419704708598,27.26
44.2350474243853,0.27721634744382195,0.6050265077687671,0.05641091998000585,0.9292596859501985,49.95041975677474,4.625108031196162,33.646771810958676,32.61106183222851,4.541265961595724,64.05
30.40221260202769,0.0963479472201495,0.8928761484434113,0.02962307334762944,0.2994065607135602,46.017238970718296,2.9851530403661273,41.16509247767865,53.391040349769476,12.586100843947376,42.44
38.44250185806302,0.5132873009448448,0.5131749262544767,0.13842552916189388,0.5507393393376594,11.825133465125155,4.023544303052919,32.43196428271106,31.908919585167137,4.956226901398722,45.79
34.60402591195463,0.4959324151788351,0.7994867414590174,0.031097866770016847,0.7737683038835321,18.998604251709562,1.2397873480834047,39.711324691700526,65.94084802299552,5.540230504548745,46.3
33.79668227698983,0.4102856307221781,0.6353034214580384,0.24413415551607193,0.6676597772320594,10.024149195311253,3.5289942540162538,39.47075605846379,55.71646549975974,2.888846632864476,45.17
36.180702640914596,0.10636246436807943,0.3556575495277675,0.1763850527192147,0.7571797323935616,15.327228003202485,4.182799568599575,37.27857085757088,59.21897583330779,7.670671800042285,54.79
40.394387787592805,0.6531808953077857,0.5442688069890369,0.2114630152433164,0.6514977226456471,41.35078713948174,0.5448816103339247,36.76668645487352,46.67162151427196,13.060219810850844,40.89
37.36641069388662,0.6754299925475563,0.515403524520617,0.07235377212883613,0.36268709210434125,7.949751993522655,0.20272702044293336,35.34307623700819,59.615916158419964,10.80159731359803,38.44
39.39965807188066,0.15028403151875938,0.858753399335288,0.06694599985767172,0.6699794132731112,19.964394832530953,3.2794943646288908,35.00839613988928,59.18393735378776,4.7681495039342945,58.57
38.00419298626704,0.5414605460133542,0.794811133980859,0.399531444381922,0.3679592491954687,17.918405505299653,1.4020788163130635,32.4688126467163,51.210013369271984,13.922270277750115,38.59
38.53546462724616,0.4653676866720379,0.8019793805911242,0.3731733833814021,0.35289547049715797,30.48416990500755,4.1976178623752585,33.15443530278806,44.791406911621,13.827453218144097,35.71
46.122136215303634,0.5689914241382374,0.388391350505964,0.128340029626875,0.610462130903656,32.16042347722463,2.6264135329139218,38.8233947585772,43.37453601848449,10.990089887786395,48.31
34.61353993892705,0.1326968752296882,0.33209854702024344,0.34020835156854307,0.5347117539353312,14.849124900747357,3.8448372801074595,37.41767913888661,25.952020514048208,5.796337488040582,43.25
41.11745721965681,0.22877017640966435,0.24546274544696056,0.021973995679067704,0.6362954734690363,4.129619696612661,4.274202143053226,30.641751027373687,52.29548508379434,7.336256336128948,52.59
29.435942847200916,0.5717889626379401,0.8251367393272768,0.0044066669536913855,0.3339531317728383,50.0030178173649,2.8375693414402794,30.550672830219572,34.12557036741215,9.91983493084537,23.17
39.9885361715987,0.6695464469431417,0.5458445225632439,0.12010876485701068,0.5579246824818473,21.70264727066377,1.2771962848384941,28.78137523878238,40.84956221043059,10.536912172516907,34.22
36.783570264118694,0.4686061109424144,0.6272828764220151,0.3106593743554864,0.8078897867448482,40.00870268780817,0.6934289414947972,36.075381548074134,52.15326808694239,4.946792465713419,39.68
32.47180641752094,0.34568136112621517,0.4897512233382206,0.07066679253086465,0.8183116570126197,51.135706774309675,1.166471931453033,43.80273956464277,25.803743162883137,13.099549672483345,38.3
28.241037260318503,0.5459625429048862,0.8791411007988903,0.3623608875271114,0.9280326208971597,31.616822296277245,0.5751494714498637,42.44641636268561,52.62227151140552,9.376840930259469,31.9
39.43683953042218,0.14982685640597443,0.7178390185963053,0.030006922940616933,0.7473355752828441,47.146877976492405,2.4678496523095435,36.66711622296984,39.04964228149352,13.633503004707052,50.37
35.379771066006896,0.16362480105145327,0.35370571454146393,0.18556891444402002,0.9069263002357535,41.17560997956774,1.233169991259919,42.61253926812127,42.01902353543565,12.220666193030224,43.04
40.37321223872635,0.6523358172528332,0.3805258064034559,0.27717063623434196,0.9404844649678579,10.831110936636183,0.6243309953632371,39.46131827156188,40.28811764870637,2.8549337283990934,57.99
43.075413592879116,0.23532956026987267,0.4345328142535943,0.33827976025878886,0.5900539341961161,46.82206237793655,2.3426695622898057,44.20057774652176,54.285756537298155,3.390786383830993,59.65
37.78530381661596,0.14206532918238823,0.3068830936889945,0.2750135740439487,0.23552938004711735,17.90287577551829,0.8709804342553669,35.49831630349383,43.64591973974626,8.262517216266271,38.7
28.640871787563544,0.4493509692478707,0.46160260201764597,0.2605339994960186,0.28150022810320136,3.716422475290617,1.391812389849405,35.76130449089889,42.73323883758103,11.723630663281597,27.86
38.608823592061576,0.4357851350874249,0.21528197415206812,0.2060533507384756,0.4586234445491284,24.90656663952924,0.6813795127772012,41.30794961602697,67.40819128638351,2.2672258475552,44.8
43.276881345767165,0.23512493262242812,0.7512889094042516,0.2529420203065205,0.8968719742033024,54.01225019039619,0.40326134719378304,35.563941937459106,49.61445044101982,3.7609187984918298,51.77
47.752948955129234,0.06054979662260644,0.5167555520670688,0.3370618486872785,0.4429259470394663,27.949522143267973,4.8946195797823036,36.07290622008696,30.89145904659246,2.6206578999966927,68.91
33.31618826550131,0.37764153926695804,0.26349123626297805,0.16946204822024202,0.8975791394375932,29.125475668808797,4.861448728651174,32.4002058330358,47.70453578667717,12.314369501711903,27.62
33.58974747140379,0.606058986221623,0.4729226282108263,0.21228931642409365,0.9323952998113592,12.697131327304923,1.6467230562568913,28.52818320118728,42.632696945952375,4.4022011670183145,31.25
31.626429175317046,0.4886282890638152,0.38443279973252237,0.1420871336484799,0.46164548903479813,40.27109100850769,2.4392444630640466,34.14208128049561,63.36802235677524,8.863407507694433,26.68
46.00182556287365,0.27272269242186636,0.22728556427612429,0.19784008958978117,0.2929535408306584,15.400255073218613,3.786132188899573,30.222780827397415,61.31249009593161,13.242887457571445,41.82
42.20718384045659,0.5138312964398213,0.8949655700893113,0.13661530488064916,0.3221424134320269,29.996696215544716,2.7595990871921994,31.024512301034456,52.58992385473628,2.1694968017218876,46.48
33.29148555642523,0.07571413545362468,0.2757746090323999,0.0960995793118567,0.40542962645453395,4.706119973881891,1.5409030985299,31.280009520389196,42.037941734553335,6.6220128482716305,33.61
34.55847767061408,0.10832533053181329,0.21764346298831352,0.08084572006258664,0.7674870705624615,54.52210780865835,4.65692564027518,36.57172904414207,48.932073510007044,5.774978828430111,46.41
43.29513375865297,0.5987770324285889,0.8268532040378189,0.17373969929011832,0.7751566760803983,44.93273389738569,1.6806061879892007,43.79711814810455,29.245367618784496,13.931230149959394,55.37
29.865418106486544,0.4765492712682503,0.22392558764978213,0.30807477977767317,0.7994171912442916,34.32533316075528,4.312929881199539,29.664015763652614,37.416572891836594,6.970130259112047,24.46
36.96432175142333,0.22238874647316786,0.47491450847122707,0.1700410527969226,0.8595588001157639,17.05773046743723,4.489967017838106,35.24150640181844,39.75134743122937,8.030144592021752,46.37
33.14744626110292,0.37674156111744345,0.3062612131551819,0.14077197720918644,0.6243426645305679,24.497228708272644,4.154779333043823,32.36426994609783,68.63972104739545,11.416664250216217,30.48
44.76273109660608,0.14236755180356772,0.5685220634445096,0.0679914084783143,0.813670514470443,33.376431757531385,1.4645567089131477,43.803182524121915,30.18337239914173,8.766348841655768,63.92
29.176970746648635,0.4386064215840323,0.7711308508241659,0.02701092576722135,0.5841822283299702,16.444973263734482,3.38203736737722,30.017515240340362,67.16731438017281,12.736742980576782,32.5
34.46531768730209,0.4319627335244779,0.7026436356439754,0.17706240606410328,0.31721849147073133,8.415877677749322,4.998873617188851,35.740986064539285,64.26392871168241,7.788512055549374,44.73
29.755187655431012,0.12411247436745812,0.850742531406957,0.378997218017914,0.4360380855990225,21.468574123681336,2.3717611272068386,35.07474856114394,33.55203471818185,12.780504607272494,33.61
42.10544818955303,0.09365119052773238,0.22712593206990064,0.26149218903076826,0.4542618931799453,37.083888421440065,0.6513017704103857,44.14747345856968,58.68315101018929,12.515206796309592,50.94
34.40321937785739,0.2894237067341236,0.576020853828773,0.11874739420296572,0.24547305664205385,22.181675798348476,1.4218367102109541,34.560661954874654,33.86317941790118,5.142756494776826,35.28
35.7630766915613,0.2744992055601698,0.573733942905661,0.3087442163375703,0.4841509672609679,33.55101361290371,4.837772601767246,36.87366194000686,65.9408909432895,11.524071491077123,42.35
36.581977429385134,0.5039069651145822,0.8906983387137399,0.18335051646460504,0.2695890905950546,32.224477085069125,0.8075062021950095,40.77583252474969,47.845464885780004,10.681176420527438,34.25
40.578960343255545,0.44808556401456795,0.7281992068077419,0.336982000581067,0.851790339707752,4.894370175509932,2.869713424629389,31.676578266558373,63.71556508518025,9.780772222440334,53.74
31.762084562427027,0.2703653568478872,0.6926443861781572,0.08174381808465553,0.27018720900377957,49.17749542783265,3.8682096779845607,31.396513821188254,38.15401945434962,13.66484212557063,27.49
40.2104400842765,0.2499585155256847,0.40938760091656556,0.015809447476092187,0.7463614001764485,5.2451117029579954,0.2233152213309394,40.401416493636646,67.69931907171065,11.078036572727726,61.66
37.72090499121746,0.33348867472191845,0.4272505669772335,0.2086856856743361,0.5233632178558363,34.104729762120286,4.510976386405254,44.91516009450477,28.54344804473127,6.616201671936096,49.62
35.04240947851068,0.2368574620564749,0.3221759921387518,0.3056304213685162,0.5722165571219269,50.80077027529574,0.35644372758566956,29.13862622324383,43.14731123186549,2.9633278448484455,31.07
47.720594861532476,0.18582374486499914,0.3386824189884635,0.22945626751828363,0.5734987180948676,33.182791454547925,2.008329335401024,42.0549601182141,31.236124814910827,7.140711750097587,63.13
45.36472880565799,0.29022154413189244,0.5974219193656269,0.027655978002904605,0.32773931608387175,6.595184448237953,3.6938282815929053,32.89701946827639,57.5685380586327,2.7967793485192947,71.47
44.71060396222183,0.10780368298268371,0.21662955452003058,0.02251552519279647,0.8402226298600504,15.204581430698578,2.8317119257193055,35.246151454060964,60.798648680287094,7.866779617648048,62.99
47.78183878999805,0.1475842118870171,0.7814927571221519,0.020699898241553917,0.5582365771797281,49.089410844517225,3.393027034899782,39.64864852922426,36.84927770154185,7.0228974963374515,77.37
38.42886420315988,0.35044815459338424,0.4288288463138925,0.12219224494846803,0.38813966874134165,21.982456838007437,0.9197190940834912,42.82577313406075,52.09537263250423,3.6054371071262654,50.6
44.95332935995947,0.20439818683396827,0.3054204160360847,0.003446902853500822,0.23543775414236384,42.637070111782606,4.938494393800131,28.762965482096703,58.66319315859517,2.8623459900915207,56.17
43.12150564856476,0.28348285822402947,0.20765430477746463,0.23807574085017036,0.9434334711050207,16.39610598760178,1.109558130498636,30.106740176809755,49.986502895502525,9.15734119232328,48.93
43.06146547241019,0.6301519716168066,0.7640408888396109,0.09890683323177779,0.6169080536568208,18.46542187286616,1.7829698218472116,43.84305427690994,55.68531572801831,13.69508495901327,55.42
38.74875146707953,0.36662502294567406,0.27510094026660886,0.09468079781064134,0.5957272704533616,6.5034638669163245,4.671017260682668,30.105342593037303,33.909133588760824,11.183854687263638,49.61
46.00556199230819,0.5217056309696481,0.24803459997620125,0.2767388245142612,0.6737214066284885,42.382170502475766,4.175349691948812,40.21195957394364,51.37793328719374,5.869559822981332,57.09
47.13943169261559,0.4318891573437682,0.6650414079039777,0.1748512168799203,0.7670906073073058,54.87870440160906,0.9698687555251333,31.440889751563958,49.27469913989753,7.776504767139899,48.12
28.981480954485463,0.31277969661479177,0.6080847834458926,0.2340765405219851,0.6930004713262802,40.451233508138515,3.2794265760361117,41.43413364162039,53.11422856080662,8.450091950446454,33.28
30.023867335066647,0.22755175147158796,0.5691798464606919,0.34919488616068284,0.7092886672159948,7.701220080538674,3.042919762133141,31.769545789830683,58.03074519049253,11.929290230104966,39.42
39.82725219503419,0.2700844380870291,0.5123750148129166,0.3456433415261382,0.7424902482253675,30.02719030418384,1.9675154539921804,28.856455550905423,31.43533305968733,4.316302274472448,48.03
46.88287294152549,0.37834970665818657,0.3643881142814618,0.04230005498460563,0.45372914345222304,45.41799304865496,2.040045408370438,41.13259870238103,61.121723925709546,3.3298492363844496,56.0
47.18192126742221,0.31138974868731,0.2356608623021156,0.36932107610315146,0.8627497111793623,30.151355254868093,2.8508149776512464,31.599598747194122,61.87528399950868,7.9832004607055165,51.14
41.66029912897996,0.6678225753717589,0.7804053432420253,0.11087925608421592,0.2399938137000055,51.89827345198539,4.697901079422567,37.05106043511878,53.90428352521908,7.551200728529699,44.72
30.388968718574006,0.1128893839347124,0.3629125026733312,0.33465629856261775,0.30937422555176,14.788329899564957,2.833347484746596,31.657230707330665,32.34430081230042,8.759794900375546,31.91
40.52318571680938,0.6429334712656396,0.30569519200454737,0.3653734639252256,0.876867475567189,46.112554333466946,3.230172403069209,38.542493176914306,53.76456969714257,10.285946614613758,43.02
47.16185158321299,0.4306424449526268,0.7470260875816952,0.15091273562454527,0.20929791043684698,29.506202313575084,2.634512572716459,35.42881790129468,40.28726743729345,4.9979130537166645,53.92
35.505562793869885,0.6804557239823756,0.321049115436852,0.1278662270508348,0.4204703531934283,31.252077164269764,2.59654523347591,38.94358791221264,67.75007967583934,5.422653025926408,38.1
28.500804060103672,0.22055250727685594,0.5246038095976149,0.012397915392453785,0.6632520954152292,38.27215163688883,3.784312231222624,36.78176658233121,52.1775099240382,6.752783015341847,35.46
29.99903711549026,0.4757473507309516,0.8968887097100433,0.0063212956653184715,0.6181876226197871,42.05245514989301,4.168519174466618,37.26848332078488,52.896219108284726,10.360699343294641,43.39
30.445790744056374,0.6520184275786612,0.21821218248609903,0.33447990038311015,0.257555319919773,13.120667003455958,0.21869190262943655,35.56936399411269,40.04616520228265,3.991914937844328,26.86
36.047417663443674,0.5489796712541819,0.8251912142490228,0.26102690070683277,0.29330779154489295,18.360321324912235,4.5839278247949435,29.508486381134116,43.30851277258719,13.310055430801775,34.12
36.22406354097785,0.4838079772642182,0.5197219188477993,0.3013842157745367,0.2236859980197489,10.49617174391064,3.1481542570092764,31.953388461532082,54.97235346711169,6.21467512953558,36.23
44.385187711199734,0.3703445700447084,0.7410265609664004,0.10845515449403616,0.570694832608897,13.269066696890464,4.33225360890077,41.99214948166305,65.59673507840506,12.529723774691114,68.26
32.56672463263852,0.6556857890169551,0.5998492339463983,0.16899803356726087,0.6202804219759048,20.815322545814446,1.58505443341257,32.102343745617986,28.709259525570708,7.958778765766249,28.16
40.60303938548769,0.3886341612912527,0.5000150427756416,0.1857606505268768,0.3569580106789632,45.792665614041056,1.1522382237513347,40.182586864364325,59.19932551732687,8.898428504332811,45.57
33.821007049013,0.6230511938078611,0.7105873217195129,0.3194999311047043,0.6984347821454857,47.00983688347841,4.966874541044652,35.14276852691886,61.62620576693067,10.934957114216402,32.07
46.53897999465024,0.3063768542221865,0.5958261413933663,0.042376942796384626,0.3693313955496997,46.71620086775555,2.1034530695784674,34.69942952005939,36.06914581857791,7.899324011569453,52.69
45.90328235547479,0.09557438082871952,0.6023745118680808,0.18690934715693383,0.6607113878536838,26.258335719229994,2.1134951400963926,36.021972111301324,51.18996079403864,8.011798532381322,61.54
44.356706199161614,0.5346711943046075,0.438964945926835,0.3202308470061282,0.840238001753375,10.981594679457906,2.996875816307642,32.850303891186634,58.26275448670251,4.865423952304199,51.82
33.102493121152676,0.382243446229463,0.8640525275413344,0.15252301538257382,0.8568038644724059,54.32111822260252,4.399284074264783,30.819722505296827,61.88461987908234,2.385792741206735,38.74
45.41466746635727,0.49768893829394784,0.5729182991365147,0.15514561003304822,0.8092227098527145,39.89703700530749,2.4483455341552323,43.172233732564216,35.34766080183846,4.044698109903498,61.67
47.43988685403541,0.2107167726494007,0.37476926525367854,0.05579953918487597,0.845422666455224,14.772672101389372,2.6152569282794618,44.844832126037474,25.54634054149196,8.67783308612953,73.4
44.148947528203095,0.280933000709305,0.4872389512293291,0.06717519223954548,0.7556114237268401,43.80486327778371,0.8559839397383853,34.68877025780147,65.18072479132073,2.032487284109446,53.67
39.10084570105096,0.26716100877896964,0.39043163242436857,0.18401499396128507,0.3361423310822703,30.54051252989316,3.5921404223034843,37.78001419468454,29.18991988863389,12.13290336998688,45.38
43.29624001222257,0.28436732200430276,0.7479329436392717,0.08250916136213832,0.33999657777157233,28.845344003309076,0.35809287055213035,31.830054759299667,57.58055134829567,12.048601739665106,41.98
45.641554188762086,0.5683861826345663,0.8087790069948757,0.27937142183153596,0.7056148004704736,30.304848133932918,3.333378677558312,43.624864297632286,29.52349006375188,5.789173734153094,64.35
46.89610343888077,0.33942255289960216,0.6727411294733319,0.3364480258017286,0.9432501860573663,11.41268780519782,4.037660507447497,43.08618926832452,27.199391958289404,11.049086722226882,68.61
40.971935829408636,0.384131327425262,0.38181957646064585,0.05408854480159442,0.28771042481690623,8.372788600841568,3.2613921926459732,33.97398447379215,34.74850471926426,10.302621112470836,47.08
38.783365847139954,0.657722580962803,0.46978996200899487,0.3343451885077172,0.25635455594914724,41.47121689000223,4.944547586393264,42.392169676892884,51.08491236895267,9.521192771925929,40.9
41.58970436516208,0.5507569990678626,0.8987599367824977,0.1969851668001732,0.24597804933008172,33.98461343801124,0.7713159199144093,32.161005740453874,39.79509600875818,10.772358477780926,40.75
31.315058936847052,0.07922675762423785,0.8112679554477167,0.27740216974242426,0.22995984921321988,4.471199893181958,2.881636623080269,32.80308482187409,51.852685769436796,7.215250108171584,43.31
33.75618029922736,0.4914444894852807,0.23783801813301944,0.38234421367557014,0.9355681009312642,41.43188070885345,2.433019863505151,31.739888468563443,61.563235311158415,10.836249165764267,33.65
37.02430588314532,0.35081930958091023,0.7784873849808964,0.27353787373363064,0.6823756576550413,36.79102597329048,1.4982563810358986,34.31909141710208,27.054802844651775,11.443293629745485,41.0
36.76476714175147,0.20948157220685737,0.34659909702160024,0.23512877182761172,0.37441476140275687,6.338860281404149,3.884035596708312,34.39998038490822,42.110601275468696,7.175819378189496,44.52
34.41673791879634,0.5427235373175934,0.8576813885456802,0.2643472783699198,0.5237608108827685,41.885065603626565,2.3979073748066506,35.0452636088384,48.637742360770744,5.812668017711525,33.66
36.297040110523305,0.13050697273404627,0.48730903148881266,0.22277348848538014,0.8980333859042351,4.883561214355787,3.183000351209332,35.78149817305131,25.911750769186263,4.994578111264644,53.43
32.3358829146289,0.22847065824959678,0.48091443476753737,0.21161575739555613,0.2007424954447896,11.417206752694522,0.6491186509222434,37.34444778746664,39.80836916805714,8.580772832416617,30.64
28.484587081751698,0.6618884858256604,0.2758156848322958,0.05074349918468673,0.3099101198826054,54.02637924765018,3.1647691528159814,38.37492917896546,69.40141906833384,3.0612652312958573,28.88
32.08026293108082,0.454996477315323,0.49405849571195415,0.1535807253908713,0.8984324963595969,10.759841878893335,4.985931253165969,34.445126038556324,54.19487067498495,13.614880777800321,40.57
46.45728725850381,0.41907740048032305,0.6930778152842165,0.05967367355453934,0.6000405731232742,38.02271316571267,2.3899870754608727,30.634748027802964,35.98535837885095,12.252713491921982,52.09
42.17724156881625,0.6996035237344425,0.20523809727473663,0.06441827312797598,0.7056082256698508,6.11952339843811,3.030991922508123,39.628001760537956,51.46658566513316,6.382216436252806,53.15
39.88588856027641,0.1849641618610478,0.5941948805095768,0.352762886855571,0.7001249642678375,27.53315838448005,1.7436036937733654,29.46006556043874,36.00822097415629,2.1342410370425227,38.1
32.4496450425748,0.5796693627454922,0.318051417263485,0.11344045984222957,0.513707989421275,19.869094535363466,4.032083901247333,44.28078793626219,64.38825176428819,3.8429344033730786,41.93
30.95893826609423,0.6436977192653659,0.5625150029680048,0.1345524352226827,0.31776912300064464,3.61407258530824,1.3901455599722468,43.5383410757823,60.87679865225024,13.637524493008634,33.78
39.843574870113386,0.21714780812000478,0.5800591940406852,0.12818195422538206,0.4125991626825182,32.83995570527907,1.0799271769737935,35.975268428525986,54.286551926981566,3.5381848781936487,49.87
38.1144939890825,0.5826931817248224,0.6577338014347442,0.2840003764890182,0.7370982057446285,48.505194647196575,3.1453060882252357,32.72969157926362,29.47793392894557,9.275007433401697,43.36
32.8258690337906,0.08945966999124261,0.584221312304597,0.06413524997714722,0.6578054895751049,44.124986804889915,4.145027459704939,33.262239638339665,49.70295397125232,8.756129121036308,37.12
41.102277828495296,0.1865566304852968,0.885470267710756,0.039231930836372976,0.8219158559023394,33.892991321461764,1.3753027865298364,40.676475011225094,28.80164030546824,11.293014013385397,57.91
30.215006367928034,0.10167861601004063,0.7255854334055236,0.11717436260153487,0.86697638807541,42.62779709356916,3.551313174645037,32.73630289476867,56.90250335597281,13.377772214178009,32.87
34.52325284007132,0.20253697255003617,0.4752750940804667,0.2969330619415786,0.5556819360690399,32.67799151825281,1.7079434627760433,30.40191754048071,37.01201420219778,12.316163614903845,26.74
35.55977346394467,0.5634388881281319,0.24512020271843615,0.10155643516895428,0.37257736554300447,54.23895723274755,3.5892731954852493,38.50236091860542,25.22432343825128,4.2117200250782885,35.68
35.59438652963331,0.6507822493913895,0.7353069533992305,0.178953629121648,0.7621362331537029,53.72102483896352,2.412707958567059,38.922940094105066,66.33990767775828,4.984095944434079,41.07
29.950894135459652,0.47149131088197016,0.747986708539049,0.24584248770097045,0.5716511031144074,35.102049196135674,0.9279858021413339,31.66470207561371,37.14547047803539,9.173352087560458,25.53
32.88951684971679,0.623826065893977,0.4617452882052564,0.17841268769195648,0.5072758074117459,12.461033674391137,3.7118096740651203,35.62379045857058,25.731569945172332,13.568164428317564,34.54
42.471187081836064,0.6149097158370438,0.8347650775238851,0.13499588255377545,0.6582190088125239,34.658006078690896,1.4830384102908654,31.77318827460014,30.125826466855994,9.911770350997433,41.56
43.21905959034008,0.2555789951702333,0.34368189532564153,0.18144567138184878,0.610110095180383,50.792530654364896,4.3991511405154595,43.57299163213107,63.26180733111908,13.574974453235734,60.75
28.949469948661886,0.10431532089651085,0.4731932992406402,0.10307483650919891,0.32745544352080047,52.56659627444972,1.1380140243709878,44.30944762935893,59.237747814454316,9.691348065502682,37.46
34.62948647318248,0.47017757473788335,0.3306844827968857,0.37508217301439184,0.42634500497044514,16.269698639264192,3.6135814313319563,39.159628207125095,45.308451325448736,9.589354816289436,34.97
41.4665661480391,0.22589695187687597,0.3909851836735201,0.06487197397751383,0.4492828512771235,20.225055136189063,2.3800592561708926,31.23713157932794,33.68533912714449,8.50086285995874,46.05
41.777940159776705,0.6635656318106877,0.49875693516506475,0.36044212526027075,0.2737374433443983,5.233796623533518,3.662570612066432,40.93736674068544,62.93762084345881,2.681812140799777,54.39
35.53077465593164,0.2471694612434291,0.32111674494030784,0.39840630204101085,0.24774769198914773,46.00441675961597,3.2695732903545323,40.496367552451744,57.02727039648084,12.301213820878191,34.59
28.01649233669371,0.43904351787812296,0.4477010475263338,0.04951493244685508,0.3396040655781791,20.25096424787959,0.5371201802561755,28.967524436183666,66.22118146745999,5.745232992244354,16.34
47.287340166608,0.14267133351262395,0.7004470120273336,0.2403219556508277,0.7179853048288651,8.001932000752689,1.1050883774458786,29.302857244664985,52.1860392347682,13.839092910189093,57.82
42.215230700438596,0.6899802770031327,0.6746080879202573,0.01607262905138813,0.8502542006424483,21.96327109969741,0.22094538327063376,36.62298101853395,67.16567503943187,5.087968246339798,49.08
31.475537755647814,0.08750023658318606,0.2563814626991792,0.29080436238454216,0.8480558530566118,10.451539641129537,1.5839291254902497,31.315500949962065,26.208509961689256,8.641176438643804,32.78
40.95754961770141,0.3022348057464609,0.5885071721579338,0.03763972265448987,0.3157277890420134,51.45332021675514,3.855237189535505,43.68656462902784,66.25061280247152,9.792711405292888,57.81
36.33408206164926,0.05235055911021161,0.24379978109231157,0.043794930280326085,0.27151508988714523,21.2885243242137,3.566099874124917,41.44102971220842,51.55959734550811,3.7572340946837546,59.76
28.259866973435926,0.23238260334628708,0.43142038789868453,0.10969821408724117,0.8089026148906893,42.516172674892694,3.538649745980679,30.36308633470851,61.35252593678269,10.126111539959885,27.92
40.96187860563033,0.3642825666523926,0.5075450432993576,0.044849265388955534,0.588728206883874,8.196454066562909,0.9884162588204799,30.253287342670966,67.93487255815035,5.418376285326681,52.31
34.44161212592072,0.6338627893657934,0.5940761379344219,0.3676639595733247,0.4249436793709217,8.971403070461346,2.869848573076038,33.8741288604303,61.08580750708367,12.553080906939904,36.65
47.42718048171017,0.4094584541238638,0.38964427537041874,0.19559020613770983,0.2279827193021957,44.808060333679514,0.6868882441012205,33.24872430455108,50.43924461522245,2.5157015077627864,43.66
41.92232715226026,0.09665511048949968,0.5339580063731635,0.13547825336830016,0.3710595559673123,12.816502688910601,3.8643742099163814,44.176217283554806,31.308088399149927,13.516174630089523,57.91
40.83320810726514,0.5114521457926782,0.6928832232482067,0.32792444327427533,0.5626014885107731,30.73464655076446,1.754369611824396,29.78937909431299,54.90880859167986,2.403319630235011,41.57
29.884597288922006,0.1739726522597667,0.6471116390281666,0.25139065208196726,0.515791184746784,7.688942777453541,2.28019479900516,33.99666282159099,57.42066187851774,8.94831929838862,44.03
37.739641646099905,0.6780929767192722,0.7294059551924152,0.19879182418405114,0.5594169596667332,4.376913267858099,4.724044463935072,33.425957520044605,36.51725868463347,13.992907104652057,41.36
28.94727546598576,0.09022556006662469,0.21785109477213851,0.23984755980514763,0.25367337504646387,51.53619455593639,4.697151392108854,37.28291913471736,52.74875191281779,5.502732818302998,32.96
42.74920890383631,0.11616089268686133,0.2598903487128752,0.12448924368168952,0.20934924487841156,25.569852019328433,3.5968683683843685,41.62293183417296,52.19382867095146,12.162490437366952,51.91
44.97544170120953,0.3792076518239465,0.35612528959880674,0.3776582586641864,0.4062281553778374,4.362477177765242,1.3648354061841292,34.233688541376274,40.81073574801688,8.29601011332286,53.75
33.84676454219398,0.3885008951734597,0.43809726758193557,0.3287092237492802,0.3182011349663588,8.382533952123042,2.6143772155404883,39.42208895801336,60.79863404908449,9.075498234863797,39.44
35.85420117121848,0.07136398567320483,0.2812695155310896,0.015489040491598473,0.4467077378573695,28.76554974597148,1.910323921553309,37.530191076128666,46.62741168217545,10.135313622367283,41.78
34.36128294217359,0.27503939598470944,0.6096034751489123,0.23857298715633674,0.43602493522784985,20.17653006032211,3.531416063293506,39.005983988893185,31.07728621058986,7.292502556104721,44.21
28.726113522089506,0.6058565652147389,0.31422470994490054,0.20289945298468637,0.5182523216922585,3.5267255417558587,4.593905298030234,35.733728864683194,67.94207245422768,5.440926811750614,41.42
46.44779147991261,0.4119410706410073,0.34187445150740225,0.274098972842288,0.611733549897095,52.11554262433655,2.308505896690361,32.56473200987698,31.22291506723482,10.383602824240153,49.94
28.56687541142797,0.5312894806057824,0.8488512537917667,0.02991261369093974,0.2826275338295999,38.98176911938485,3.310224204299784,29.170066060376175,62.549023846802044,8.281086174138709,24.96
45.55981761985409,0.5781300498826077,0.5611292273710948,0.1006842566997729,0.5794816279333495,8.242191645692564,3.3624615126724455,30.27761272689313,48.00278331253254,2.6525836900018134,57.19
32.64160921339575,0.45302050276258576,0.7507506984157561,0.02292118181621046,0.8377127638665383,47.75992013763943,1.8428915565825092,39.203069121495474,43.11758642665523,3.850290586275578,46.27
29.727193490031933,0.6210069010073921,0.847002831586726,0.32864525480456147,0.6218960905669839,31.99512673852366,4.926115407684463,32.21432872713011,28.41767646573434,8.743291083214134,24.22
34.446775456160886,0.05460548021046623,0.6173675866835531,0.10561348091024564,0.34089391114451073,5.102460432436193,1.948935567082934,42.942470830569775,40.150186341881756,10.148890521435124,54.06
34.56201618380399,0.5840664777578268,0.6843157617668643,0.22369689148038063,0.2007443480379717,4.824719827986023,4.956156051709105,41.29882669956051,67.19043664478261,12.827638459016331,44.4
43.83694579582148,0.34324473360725044,0.752690742800459,0.0026863136653540566,0.41614947590042317,42.068836341147716,4.00649978528763,38.53514822064861,38.55652852508187,5.724351095454355,55.37
36.78424358468409,0.34063160765849404,0.5866329251684896,0.16380093474575552,0.6145036734480607,25.481441983913008,4.168231614090496,43.45386733657082,66.94496169169128,8.771554469952639,46.52
42.104801175836755,0.5949103343423393,0.594087569446464,0.2799924087289045,0.7622970130409361,38.17247638929891,3.7814410675006855,31.54697065345197,47.426854615980886,9.059222655261046,42.82
45.11925017627364,0.4465159304891928,0.2903954321887423,0.3265428290303309,0.7377927248304084,42.431576260109125,2.08180381693691,42.52144261381487,43.6312411959563,8.846109835347097,54.75
40.89746229355725,0.5168142648831588,0.5969765558421546,0.19862352681744644,0.8074523552837811,38.431381292592576,1.5347553906561102,44.304246747359755,56.82702373879033,13.855267146949096,54.91
46.3781944562018,0.5409915017964498,0.6266005579478772,0.0688682654731697,0.6075135630678183,42.79957916450502,2.7001143617867256,42.760065182896184,29.934515463626422,6.5712841765836085,61.77
36.64650591738216,0.12058125608400949,0.3074698058312414,0.33504691714219487,0.5632881944010883,5.533566191141837,0.2791580430927196,36.04908183390355,32.397042666599965,10.461511351990662,47.64
32.56593416914211,0.4349150141731574,0.3081112504397702,0.12143306063775482,0.8665966206360749,31.29310075708016,4.45226573669216,31.829212671051618,39.85109544618997,7.651425661481804,33.42
47.95295934367401,0.12438945733123455,0.7963755249211135,0.3454728157687481,0.6148989736533406,20.889932749475996,2.692285300583822,32.971950981711586,60.95983517979728,7.9793499045239615,64.2
40.453826887120876,0.3843075665245441,0.6977485477843566,0.2015731857720937,0.8783797628145853,12.591189966115747,4.872073681980347,41.80723938147027,63.73300128391913,7.794893988452854,64.01
34.1354816715441,0.5452663160667138,0.2983151108723159,0.12282076638500349,0.5342994975197997,19.76062534345794,2.0576821549960815,41.941780661322866,36.55041514639754,10.943374065854867,39.48
43.31478215030121,0.5648151078393524,0.4811891428517374,0.28899112926698817,0.8863538028088243,44.6370746248354,2.0741432499054073,36.23162974276109,60.071089515361244,5.511135078189483,50.91
34.56142285121882,0.5738938785505997,0.26076031034550634,0.017758918764236055,0.9482565855273668,48.21177040820383,4.437668016637779,44.1717591093125,44.72423392365195,5.4420266561618265,48.03
38.02418267076929,0.1930314083097951,0.8548855997175238,0.0016012649771116384,0.3073975533073412,15.816744360338193,1.1549922156473362,31.838233421855076,54.52214222775303,5.93014493975779,44.51
45.80515867292583,0.44166189759170627,0.6861729539004671,0.14620131928854294,0.3198038507170319,19.670371247395117,4.828556713779719,38.57079353570333,37.488000374530685,7.4109832059452465,55.29
41.368871414115475,0.41442434647395926,0.8196140136436887,0.2689758288867161,0.6820472980933217,12.867943134959942,0.7106656784595573,44.40741598997579,51.94862665451587,6.988200909757149,58.06
29.236239221434307,0.5843827280376693,0.3516518748950352,0.32181840252717886,0.6007838324477079,17.381744710158944,0.3450077515619382,41.8691670405523,32.9407063661188,2.6216613876784813,31.52
35.00086444745958,0.30306710363457245,0.37294731109650325,0.34367139147875886,0.42299714457989906,13.93001362705324,1.6843986864135492,31.453542777845747,39.29448493623434,2.9952346744180764,37.41
36.341057667922954,0.6216534561334196,0.2401035227056001,0.08506988270401226,0.8812592566561972,49.28076305631593,3.461363999820518,32.088050419619044,43.89147524751036,4.534651933255581,36.3
35.59996789027783,0.42428404329572755,0.45195287282536367,0.2443298201863879,0.4221910515344791,20.984227443561096,3.995233239894126,42.93135042519559,39.49153366889735,8.858189616143315,44.5
29.06669283414855,0.5296071678842652,0.31970243826530526,0.17028500949876688,0.5652841200343677,12.592522377313507,0.653865683184302,33.9162212494082,67.85286583976432,9.381627079861058,23.76
28.778216415484298,0.44017763290420314,0.2645803486547608,0.21701762841901054,0.7639628812038073,25.02643811132889,1.637175175119317,28.805531974899175,26.115004382271856,7.160318835746255,18.88
32.881255575863804,0.42313607875818376,0.6790140737758332,0.024331947000544574,0.31482528185253283,20.226393257817488,3.4164472359131386,35.463596907877644,58.03877806982104,12.41117438687831,36.12
47.84494414626498,0.5403346946755723,0.7965254365052155,0.3329465433860004,0.747699321710035,44.69369446610631,4.686479493763569,36.078525434946975,53.722916076064465,8.179276658873272,55.74
36.62719205743015,0.5828224012440764,0.7595482025399971,0.38475444054743624,0.38669052444306407,39.900214514067436,3.8332135887079337,43.91673437767932,65.8106088124989,8.88231034050138,48.14
31.345824568084588,0.6837257565754512,0.3785122238923988,0.2898944873805169,0.7968462536039844,25.943206239791813,1.2137298561394783,31.212326531734675,63.542320040571624,8.129077840982177,28.18
42.34038945525778,0.2126111843232692,0.8134763255256154,0.12382871441199012,0.35020312256760733,7.4126390648565845,2.655349455860708,35.66253899291088,58.80904650714143,7.5752310463164365,53.57
33.23309831265888,0.2307953845554812,0.8494935312794698,0.06603144083512494,0.9411323184178626,19.999811669995687,0.6242731300039879,32.227736473393705,27.62864707995784,11.480357229966991,41.52
34.73973237733602,0.4803322430105155,0.6414525681652241,0.3759488356910361,0.9209453875612847,38.395556334601075,4.125516450772008,41.47122670569804,47.10865897149549,10.453499456401003,46.54
43.16042166300614,0.6751914546750389,0.2594823271880169,0.33444631383674184,0.8997350199869534,14.761822269707228,2.719093700524178,43.773589832870805,68.21017020353355,3.5345886122277963,55.92
41.96289282301713,0.19401302460085468,0.4273394400441366,0.009316424001877311,0.3151412606983992,32.241133709722675,3.3348323182600774,39.03150112862923,60.02622118501975,6.9833769648654975,54.54
28.3116140008505,0.18430938693405147,0.4186714685414261,0.07128274259218621,0.2151083536224517,11.187275650589962,3.3972778571243474,38.70295208003413,67.1057637729119,11.57801949676771,37.63
30.751126949864226,0.41664668230135193,0.24311654263992655,0.17235395896434114,0.4926939717103966,25.246318086872968,1.5431644082949785,39.659117609605005,62.84250102844508,11.22220391118773,26.91
38.766895986660266,0.07020471700521974,0.7060537990843447,0.217993175831399,0.4030557879979152,20.047786020378965,4.6909125750547584,38.61415816699286,46.416059559588774,9.451060876500893,52.07
37.403645464060325,0.23870101685998574,0.5078973104141511,0.2742368929751642,0.22995644381485192,44.341425179400055,1.5583017961343015,39.6035164883525,53.9226391606027,9.831536589695665,39.61
42.64638231030703,0.5085420653024755,0.3653873040948312,0.11332233567473025,0.5180128236177259,17.44029238408688,1.9603668748638066,34.6463304367812,52.17390524222547,4.63868051282074,48.8
36.75072713543009,0.5090586725941104,0.25700973686857254,0.18798615764974677,0.22116464913299624,38.147319574409366,1.8498083695859338,44.13729783979909,39.58558965706387,8.765670776212723,36.65
40.40225257894681,0.35357752758660244,0.459439783053943,0.08147573963207196,0.2836410079785915,9.23371496574701,4.995392084026655,35.00928235657299,25.086836854300277,13.435145487512171,48.43
36.371722511090674,0.5163604308809263,0.8402194710602331,0.2851545165728404,0.5477193161750089,53.67098602717338,0.3887330385596981,44.77716744314614,63.22261982687975,13.14716020551631,42.87
30.849161445685397,0.481154931592255,0.561101606590284,0.2092671842977518,0.8934643838624132,35.24420714596963,1.6931064085020315,34.80113145910389,31.007312579133306,4.307768483308272,32.5
44.20582682422709,0.5081677541818772,0.5712415123275962,0.1497471334510283,0.7013707177432629,45.27107808017957,4.429919435224203,37.29927587950767,61.89483048188654,8.13567144095234,55.7
45.308637112442,0.30114305857203155,0.4771388753284916,0.12196453811396646,0.5890262962209625,31.332201751851958,3.3702134974901936,35.3185392718627,34.80267813476197,12.40210474896651,58.8
46.458868396803496,0.18477966646719624,0.5920402333653614,0.2146460374117809,0.8214858859452465,10.220272111043148,4.567698430003815,37.0342789269252,51.37492227614649,8.121995519573204,69.7
37.94181323613196,0.22130728074004385,0.43988172626448196,0.259640639674856,0.5732728471055795,7.847347058707943,0.5505981188564428,31.156180825495294,33.58983159575006,9.299609083656378,41.63
45.63438846549541,0.18634442939871854,0.26379201179846784,0.3502984065438588,0.4214956820575497,25.12197675135426,4.803326643259723,44.05427672568216,57.1712600169213,2.8272674207906565,57.84
47.78155870084515,0.6654955484755872,0.27420174476396003,0.15838692123614748,0.4366525594271295,9.745861559055088,3.5350318939940526,32.65542219412403,40.5189611406384,3.0843065204170155,55.45
36.64180847158978,0.14317244436714596,0.8676949229651021,0.057993013278857045,0.591415365387975,13.24295091658735,0.5665366566685244,31.43924652031567,27.464834832569625,3.672768597451866,47.06
41.036310421151484,0.10677087979665924,0.508713036732988,0.2324988091413408,0.37566925715829613,22.34807739883332,0.5448073747213215,31.742228363962614,46.0038816663523,13.885306147103867,46.9
47.59243362248576,0.32500615109521286,0.25647626489026554,0.1294293748997334,0.378285781528233,3.7345818953124383,0.657121329384202,35.70426289583412,40.284810871193365,4.1642446596137965,57.11
35.142311917932375,0.6037141062352538,0.3686840121841821,0.2153573960346499,0.33810441286188686,28.755632052063785,0.9318392430962539,30.746836614315875,52.550051966890706,5.165432506109201,25.17
46.59536500270146,0.07795211298103319,0.5956036788871211,0.2193055367333061,0.3879566558022949,26.544130745866525,0.6211413587966502,40.26159248070606,34.976371676957044,4.320624317918671,57.9
46.04739840526284,0.5677033213843027,0.8628246037936302,0.2607849384132342,0.6971911332740657,27.961611970163283,4.544894352161482,36.684911537595596,40.97770318577611,9.684500119011982,55.47
30.48039630619791,0.30527151904307914,0.419327787766136,0.33873351000445273,0.4841319177298316,45.72087209722242,2.3234700507245387,40.80950957857537,31.087686783003548,13.09580263590155,38.44
33.19596491252613,0.20696824413712445,0.38555410200248036,0.14668966916718706,0.7381396495067125,52.37935823084126,3.4113796645934342,37.301826606049715,45.18690136077106,11.938333604451397,41.36
33.86075348865637,0.6697231616247296,0.47658075424446744,0.32003122767661113,0.925114908561675,39.59022124449178,0.9754434869657298,37.96432823795682,30.34497053930103,11.469704478427115,33.5
41.904296461200374,0.6415582881846292,0.3267068954691207,0.1571431354404667,0.6853390910551747,24.82224682609406,1.0391309197986331,28.494217440869548,43.29691646658833,9.790508318983044,29.34
31.12482479521285,0.34295073851380126,0.458629732326877,0.10968096091735996,0.7469534328952918,19.101905561413584,2.7926813711985403,43.69480009958348,49.26741920141121,9.40427492192673,44.26
31.562682874834728,0.11561827954377375,0.735369063849088,0.33436843236673697,0.3398414698959332,14.402131048000733,1.7513949895653578,38.0483194882152,52.980828721000876,10.24104750249749,38.84
33.90080280993077,0.47819334298440413,0.5918059920443846,0.12233489616502685,0.8805613899452551,7.9651374218793105,3.617604928793847,40.37385312138423,66.18969374604828,8.222967108216242,53.98
44.554813397200405,0.5510266831910552,0.5502209300936293,0.30714295025352445,0.4009067015579456,33.654329180980326,4.352880582981802,33.40573657848071,46.75974920938344,13.412538250074673,46.19
45.74078040661105,0.3004105895787901,0.8975536817441911,0.06102624187352519,0.5890779374122317,27.922215879404966,4.032474515840645,43.4465021327552,57.90127196086269,9.521794833563634,66.05
38.20651834151468,0.38104520359613414,0.21425793157906436,0.2012183219310711,0.8419781001305937,39.88224857939691,4.019401386200023,34.638244826064856,48.803795661083115,2.4018028279652057,43.58
37.48832089785288,0.21588578473940306,0.22186868529345488,0.27616324351158084,0.5263158131366323,24.61526604183618,1.3999364193368427,37.14311678296629,44.71120515718292,7.687813676349092,41.3
28.126492944794705,0.6400023372999746,0.24976117786155688,0.18036989892639782,0.35552965642953605,30.23668320723352,1.5451045222262616,42.620110467064265,42.83619252830891,9.665066669221249,15.01
28.38812300988035,0.3127004481486294,0.5755405426908031,0.18381886050470012,0.921510772864145,39.75563703999347,4.979215043001897,33.01602153533752,60.507397582321595,8.666701610559366,34.46
47.717064008846556,0.475091679838226,0.8291718246358424,0.29030009388769884,0.29553959129356255,39.37003293676025,2.5247148256903134,43.619565880699824,61.30755012357048,3.2496162512867026,63.04
29.392220035972112,0.3706091685840013,0.25654023144514715,0.2894713346298776,0.6142689360878246,46.466020912763405,1.543019785622318,36.825393330739395,30.286585865974494,12.615320031803366,21.62
30.0472450270081,0.18328288904006912,0.764362042106087,0.04232581107387312,0.6608206211286245,41.801427631986535,3.8051895703177814,31.23103507233823,27.77307992699254,7.385676605266611,38.08
41.98541618027876,0.2818503197760236,0.5145477587231925,0.045393973240684726,0.6256627149111438,12.647257860859181,3.459131172391698,29.209869983314192,68.91525665265955,10.214323743029741,53.62
28.281892909237115,0.2674008799333922,0.3069692848365452,0.0873645332478184,0.854562693828417,34.366642322644175,1.0469967345387174,37.46320981168663,36.5101294041247,13.71441037229707,27.24
42.6463684433563,0.5524480670244277,0.2470139347703902,0.06874774569254063,0.48822999432796815,48.144050979511526,2.777599704408797,39.14021645012394,60.23557759555792,11.937473460050239,39.93
38.175862775469625,0.5167038071070565,0.3843396511149385,0.3417958945462098,0.2155901183568812,13.180123314905682,4.040959726575215,33.78438960217543,31.74247747115377,4.24105706853684,40.84
44.923630586899755,0.09592296525122188,0.2213366363872546,0.18606725433473725,0.9171405612902259,17.508509777534574,4.804018587521832,43.09058000203002,37.741078437438,11.803376771073761,63.3
38.23644777809514,0.3248954929778685,0.7708519291478197,0.31723177307800854,0.7677022519569194,54.909309463195385,2.4968598125186428,41.71769062293857,63.81152651425653,4.539230977444207,54.26
36.094968043771594,0.6068788448839043,0.40237229683615716,0.2800040616269696,0.20551110429819702,21.47895048065236,3.1544801348391256,30.205872231229726,65.34731104663453,3.875287725404951,27.01
32.32778617365949,0.6962811380452965,0.6233240993069136,0.03373795777532451,0.2489579258589949,6.895928205492376,3.031485186996569,41.76284643956555,43.13332337967276,7.338029111382342,37.33
38.66081209572712,0.49724012651582555,0.5302500041141186,0.28554427402562704,0.9479830569099756,21.215487796935776,0.25863422199368385,30.13562577437813,49.90813832441292,6.131093445735825,37.56
40.54892180214766,0.3882308708775541,0.7586276508904131,0.10343594841963806,0.8148039052117697,3.159177452932833,3.174451338251445,43.89087156777824,60.45369784152415,12.243610305768312,64.41
44.484778922002526,0.4080405822696732,0.6329781655522393,0.023566135734321404,0.35116377288079414,31.650149606704733,0.4822450775527887,40.604595711991124,62.80256538348557,13.04434833553766,57.07
46.794404960456006,0.09395300495904174,0.5318393511494708,0.33610040825112475,0.2527333539233415,3.948015795427149,0.3197490497919233,36.69159407041257,61.52185350684984,3.5291200528711957,61.87
42.60427470289748,0.6672630023148873,0.736223384620289,0.3508701465515666,0.5896895431787528,46.28060381931173,1.0779352831360753,29.161914136725667,54.51788995561087,2.623430045096671,42.62
41.83108294214837,0.6689304715157928,0.41972065941926495,0.19446332368064834,0.7562677737838392,15.624507243962668,2.800874336536001,39.21094367509313,69.04638945011686,10.936439530908618,46.69
37.506669027666206,0.4327010089432218,0.30263620000504693,0.17278642279243137,0.41300436225186726,9.17903219762535,2.657801280624582,30.81576237720987,51.57418338635755,4.036363186902385,44.53
31.904832460593408,0.6325853155044971,0.21834654958416622,0.20879895481829439,0.44007857441491016,14.703979340278721,2.4636933399927106,42.314332117512436,66.18747424869919,5.638983417774149,33.07
42.40280895132614,0.42829917154639235,0.34071130407429195,0.3041183152349747,0.5891978264316058,36.97655037438519,1.9248273630242658,35.46465854214039,33.1153944268724,11.078190411744092,44.01
43.566051895021225,0.5687051056749809,0.722620674838585,0.00776911522349617,0.4048499094550052,27.353562625174312,3.05861301784062,43.626775689273856,41.9022687457916,12.50027982528745,57.51
35.42560975017254,0.08398330703385995,0.7197425037389356,0.060261102973165184,0.3927650117363434,43.31212911404717,2.766640243629008,28.237536230113864,25.10058421363287,8.127927580878765,40.28
31.606228919903543,0.44883605951547206,0.35990553020219895,0.23688285987397917,0.48444946293970464,12.710803318829065,0.8629027417699935,32.026630253163894,26.34244486058433,5.697523544435221,29.75
44.62724251766056,0.29180244186777826,0.6030835330072626,0.22694422360562339,0.8215531543952843,15.287085278882213,1.6226599462064593,33.13035237367539,26.839149539725344,5.776254359470306,57.04
46.23975295142962,0.12126297474955774,0.520640979132902,0.15253956063505567,0.5670193974675409,31.845415251051215,0.2972420480851811,42.318118214659734,68.81488329280023,9.840857744043708,61.6
38.55959715661417,0.2672777176143481,0.3042844769256648,0.23362533707842026,0.2337060526319053,45.87413351997744,2.2203761574589542,35.050821810753575,39.722688631415764,13.632246664383036,36.26
31.026156429504223,0.1575954760042696,0.6609692379955348,0.39675812749183936,0.376606377801316,50.092104647509366,1.5373594841992275,39.0142986421301,26.82245283700155,7.947847694914268,33.46
38.72639554445257,0.20459300017316423,0.7799478637875408,0.38805460449529616,0.544397071769049,36.06780178984119,3.9939836880587483,32.1053140305705,63.90026718679535,5.362410863719971,47.73
30.24198464852844,0.2374513572192103,0.5735339537579074,0.20996883828172608,0.8378233883647748,54.79861739720757,0.714612060128675,32.61359825802563,41.09191946003841,7.747020893720061,27.31
45.12390126296833,0.5508635468103148,0.21319610532656733,0.18200870423327517,0.6635553786830666,26.940570528837217,0.8270972289233711,34.75705942274102,43.524506280838125,4.252591069397106,45.04
34.42801360284953,0.4328417388696005,0.5610111266711373,0.3509708316865555,0.2915111988971286,8.941676429179928,1.6415344117904755,35.33065445813919,38.43440119384628,11.158244988742926,33.24
29.695494855444895,0.3189698764246959,0.7413655016969387,0.34022477743469653,0.7500086362725131,32.01010728198669,3.6761201683960483,39.58362210016564,35.54649846227774,8.609106706438325,37.96
34.34241323750277,0.47508254536600536,0.537036299263159,0.201263540378008,0.2675412783366198,37.64329259587975,4.355297769701696,30.40433189643967,41.474754799740225,2.58400945809002,28.77
47.793169933434875,0.37075648039915,0.4488633130446724,0.10995083065000757,0.9350094837087193,16.11704084712755,3.6834002995411677,32.823887628700874,28.17202774106136,10.199319374215296,60.99
41.51497023121139,0.21274478934338503,0.7222729624500508,0.3079000669402598,0.7430804291131534,4.273138956315741,3.5779357742900886,44.832475438947974,35.91814158365303,5.290862866704062,69.17
31.20793610112161,0.47937938907795846,0.7285184642504048,0.014864264727742871,0.6153215706989197,32.94561744386591,1.656525907480612,42.89785937975779,32.32373736849354,6.370336514070326,39.46
31.81285513211985,0.5838931886129887,0.255348424157569,0.19569162687599603,0.25649799683427754,38.25098642319874,3.9948871474668812,42.447595320195646,69.1568012834795,10.064188667595042,29.3
38.11516556642658,0.643278985767732,0.6506308675396237,0.3534205625005374,0.3765890127604107,28.830364597339344,3.7031308211062592,31.446269827565615,34.51029069678902,13.736512884867649,29.48
31.636309058475433,0.2654515232879789,0.4781633037861479,0.24923410298808846,0.8922609942858144,54.302683947948736,3.32815404277334,39.89868013356132,39.48231263634651,12.285903145384989,34.64
30.12761298621935,0.682616393563473,0.8048970737743726,0.12145805381525335,0.7063780372857869,27.284954585486375,1.75101538949826,32.87516158292501,31.121235034940792,8.591816987310072,24.48
38.24372840599889,0.1899821588616129,0.8570274695412734,0.2554364785322166,0.8747004930375026,8.682100633703282,3.1896846361096394,42.44085091695074,39.891435091651,4.341718029631837,64.75
33.45867453499598,0.3406793272002978,0.42817452194553207,0.10850962908319653,0.6863842238038534,5.7576833269379915,1.8337461350707036,39.72578342098807,32.91323871764527,4.651134346554949,43.48
28.0185221346281,0.3579490386905222,0.22727115259128625,0.10917592470996006,0.9461025684439788,50.75660299229559,1.2323638791504041,33.27004134253686,45.86670620208481,12.132962559910922,24.73
30.524828731325645,0.1308917514264289,0.49171257772583127,0.34803815584550885,0.8615637493216268,8.58302418369957,2.956626982234648,30.64647835112692,55.87581895012522,12.997198975146878,42.34
29.66165549384103,0.4265152273314545,0.48596166909509825,0.3243595009335841,0.4552583479447908,48.49465442457464,1.5137619566469673,30.67779981010766,38.7916169793361,2.418989501872958,21.98
41.20235267764062,0.142483936061785,0.27795548095061157,0.05295411650174016,0.2581637556960998,48.481041415832856,4.731752554383335,28.791539579389365,59.20323016945931,10.845820960606373,42.87
37.06164241619655,0.6067738651469738,0.7100155497765293,0.1886495255870011,0.38342213246440493,40.8048185459553,4.301728966602542,34.79917092814735,55.086345061944286,6.802544254119178,40.86
38.49820759909827,0.5542217791144807,0.8842541888902518,0.17774646505529296,0.45673625468570445,22.42673233656435,0.8426675330008719,33.047958542901284,28.89013359709628,7.1347311581509665,37.4
34.92813491948817,0.5658255371045441,0.37214935541239524,0.24475784853682758,0.8758860644364597,32.48031772553644,1.1302045413075807,33.86102529742122,51.56661432328298,8.079333677118242,31.22
36.93592689381138,0.4029933516916614,0.3871329001203007,0.2449782061359408,0.2526200746139074,20.503565745406874,4.060528797332357,32.40784161543864,52.23295825013852,6.920356564523743,32.95
46.32263375820054,0.2731201167522493,0.3656731310409128,0.36372052625610823,0.7594582669518612,38.453585112306264,0.4377677219210039,30.23048433216819,53.72529837143483,4.513194038315122,55.23
43.58277030687221,0.23585121674401271,0.2501111115063412,0.014572778923944442,0.5323834904339659,35.09068603960159,4.370649120280654,29.883674715554868,33.85027718297333,8.357607330889653,45.73
37.65074902490989,0.65068102183974,0.581424157705281,0.1660482442448304,0.9420799300248086,6.391214834775888,4.674144552181625,36.52825131511321,47.66903519952122,13.063572010438511,49.18
36.76814181060298,0.22711758487617933,0.6611717367721945,0.22785803639190463,0.3607590777108373,39.889471583188886,3.2916169152158745,34.754676031511195,25.198041485659775,7.358973802114253,40.98
29.499969785980795,0.3298964366125421,0.2573439189297294,0.1102661735148665,0.6916185264192263,19.04799781568979,4.98871325178325,43.57713457655468,51.33894570634857,13.603365663619165,44.24
34.37797037680974,0.5372375598904511,0.29578224880276316,0.27382056975149643,0.5683113698709353,3.8749488411468853,1.5163031474737796,44.241497695872226,39.21241682898163,4.177453463617288,43.99
37.58426529283898,0.5977220064358477,0.7306012355933424,0.17474080301510975,0.3565451625777204,5.395374805313938,2.420625533517109,41.851180924809256,57.835689711744116,6.903209211527003,48.11
36.72493041892435,0.4263604713636155,0.5622536710754844,0.2723866400500636,0.580781632649843,51.91177190471304,2.254535271592094,28.270577151675084,35.6368090934043,8.007282297279872,33.95
39.04769578624107,0.5144588638755534,0.39225369983226954,0.2659614716165909,0.7280242048394097,24.386599136282967,2.1304116759023457,31.041721356159645,43.62943193149182,11.44179550048415,32.81
39.87226382635931,0.24459072318029418,0.677602803061812,0.2960584834784016,0.4491595840854968,45.98048879745643,0.5537399942640324,28.182813199200435,30.533684768442367,3.8721001739301166,38.95
36.49963404442562,0.22870559978074806,0.5003525811907735,0.15793635708025291,0.4260962509910128,10.170778285422196,3.348394217474627,30.322274847254143,59.894100370270344,4.420256159365444,35.97
44.11172211390934,0.13146190635339297,0.26072203780160286,0.379829108261464,0.5472851050644356,35.772245738595394,0.3116501125844852,32.738073069457776,47.742894455172376,12.634619760672848,43.98
43.50382639717439,0.48043840336815613,0.2806895374640215,0.11735006911679863,0.3783980273289648,26.011434553810844,3.2496043666284042,35.36813584364461,36.00414590883127,10.350545218739306,41.54
38.386278148313835,0.41037273833988586,0.3553304524056765,0.2721724244369825,0.49062540165407625,21.90032662596102,0.9187241996804985,38.14623468735759,52.119898474592794,6.08360772399834,37.81
44.90915797430857,0.12088529921358035,0.6865268714669428,0.15753390247400892,0.9497861382971695,14.701228743601924,1.546516185989549,35.515807007447364,37.09218169062984,10.303920396638171,60.17
32.41757669699081,0.3791431451662656,0.8221514364555269,0.31695825874002115,0.5741216933201159,18.00161536338128,1.0634550305721333,42.93250891217723,56.95751232244133,8.865959637769501,42.65
30.43380574748179,0.4936180359013443,0.3516986186892624,0.0482309764063948,0.5492063825051998,23.144432347746392,4.71763332476089,33.50765229478088,61.67060165734011,10.985924005620136,29.92
46.408009459201196,0.3151509863478723,0.47276983018800595,0.06437896943260375,0.40682155662130187,48.74837571516528,2.4770342379745665,33.80300647724208,34.7250424786977,7.81952300292338,51.53
33.73384050914151,0.5425157385282252,0.640851442307443,0.3150250250158817,0.3881822216561842,35.81346352611836,0.9379293415464411,34.18454869679883,57.596204267926055,9.58002062695923,28.99
45.166853441850584,0.08467813852436822,0.6166509819616546,0.39352820009264255,0.5986285488820615,44.63493463788988,3.0568686713076905,41.31250135369088,54.501736090987926,10.293584174450345,56.34
42.836418271458356,0.20464142633181498,0.8864481925998116,0.09111487638448189,0.37751300269824223,47.65100226516093,1.3663321374215318,34.13534748935181,57.15880725305621,3.904982962337159,54.16
37.72716846533238,0.20840289025127245,0.3649605688983235,0.0036955685674050723,0.477837193398461,19.549028840156968,0.34954789196801794,38.56096402963228,53.19948319015093,2.8496056612839067,49.48
45.456110639907955,0.42840859435897594,0.4883823068083915,0.18604077138563838,0.35620999582685386,45.21783803681225,4.5872225861646445,43.48128871825074,35.07704762615349,5.7288832133174825,60.35
34.144022672646265,0.2663234918796902,0.6431740159452448,0.07585855261924986,0.8895476932758077,8.361172444436118,0.23301445296479867,42.534067186719064,56.669641349472236,6.264318444271982,51.08
32.47088201678467,0.15945327161949438,0.5298043945971059,0.14127513188838434,0.6614225379014691,14.343757597173639,3.38205296269097,41.036645845147824,32.49862643628135,2.5262994010149917,50.67
43.48048171984874,0.47300689312319266,0.6913172042902138,0.16113573599734737,0.37620915893980245,30.652499850799693,1.180955329996145,40.345887848746116,33.86349051817646,5.495159200572097,50.53
37.7341986828699,0.44055209466456907,0.5062112203499418,0.3677893234040366,0.8299505706478911,48.7138994643052,3.2216795427365,38.79513456963371,52.41394076721769,7.218609853057474,47.71
39.84005774897741,0.0665956941399927,0.20521950199666214,0.34065673051869944,0.23481803358321665,30.289347817337738,3.1519412621582963,31.368910903581405,65.30788772193168,4.2811492609805,40.24
43.2598053866607,0.20648291979072603,0.3055209163932655,0.12649308407449406,0.49846292470270603,15.78080317794402,4.994679434021231,31.90408971607288,62.37856721422856,3.9094129650856733,58.26
32.510469165661696,0.3240975606093349,0.5909948467375346,0.04811428606243733,0.8126150506093259,17.283647699403154,2.8364955276879864,37.3437747817852,52.11882935466032,2.6658318382917763,43.99
31.223844858467285,0.24633331862030367,0.3014399098008379,0.3687685283097159,0.5847158378834756,35.42590768053959,1.9159432419109799,32.696184397576495,47.64297266044959,5.531875698018004,31.74
37.05501748541714,0.378726896669831,0.8890198082472871,0.0893290352647762,0.5659821236619853,10.774610453445625,1.8799963169982685,40.19428221800887,32.850796469225855,8.976215690600519,55.31
29.03159088808946,0.6564989069609889,0.48952219820502046,0.3135706143004665,0.5122351165488502,51.7427367220968,1.5942576052587079,35.007921044690846,59.14889081166788,6.124007783370283,24.76
47.896463468284466,0.41114944169872875,0.6825663175691037,0.25738489366144396,0.8209431103674292,47.81490517097064,2.903629435857486,33.00745327442879,26.026011140873624,9.372839012771841,62.15
37.01079611023319,0.15705899131906179,0.40165745105494866,0.20399557180474584,0.82751091423325,11.931163595557873,3.138319403405668,40.80726643715927,67.12213841506704,3.400444300146313,57.73
40.02935070348959,0.5483560318309858,0.23764229669798884,0.20245926225623806,0.6669722555605953,18.95535967338769,2.2719209988860127,37.42306829975317,49.86465728978409,2.502338304882057,40.14
32.276363095844616,0.6458518007554773,0.8836059930863338,0.11985875854082764,0.33138904793829405,14.414215849313841,2.493210825694178,42.86659518492403,47.501629672193786,2.6647047405835718,42.05
32.547818912456975,0.5978013304461287,0.6350363902746008,0.2251831415145166,0.4392271944369816,51.33012106240174,1.7896555758182355,42.19405501510009,65.31565830891478,7.80002015859364,33.3
33.53606574782094,0.4779817270191292,0.2615746239670704,0.18957368563695756,0.36299885161876094,6.26369045239135,0.2178824387725795,33.520785979493745,51.528876754154325,7.4627641718138875,28.74
47.82400061552502,0.6606912759867906,0.2879573147862478,0.16604297066739793,0.6866352004952081,41.14152147155671,1.9585863435655537,40.68679081650091,30.58675058098052,5.981751503092457,51.99
40.513655805207506,0.5941866396600757,0.23279991586700857,0.06975668712921941,0.23637093670397485,12.989939660958989,0.22055749103808805,36.57157512854073,48.7741478005715,9.894701376871938,39.92
28.06415381370368,0.4880292503649641,0.23800376142353882,0.3464681723270976,0.21699049078095303,30.58470640934489,4.495605835450499,37.73232278840926,52.37875359447685,10.179330180048868,24.01
41.49854201621119,0.6222306733083298,0.8819545829847215,0.17722079974333882,0.45837863875816015,42.17210001100849,2.80579658285751,32.374179125735516,32.74710482363663,4.042763607112924,40.68
31.402488112313,0.06281731360746576,0.236462142478783,0.3719538175811863,0.2547210058701018,6.805395910209897,2.365704538560956,32.16670479969555,68.3212233477624,12.93183007397365,33.73
36.97463038832518,0.2938238744991206,0.22650628165018977,0.11713873570188348,0.2920051022089881,8.323257160786383,2.8921355500946615,29.679002581130558,29.63190957078686,7.766164577832183,40.78
30.752695702647387,0.05289186612576095,0.3350821092374907,0.0943569016728163,0.8001863327066507,50.60279422741518,2.1485331079422547,34.885454350516625,57.06165776919401,9.523064188456267,38.1
30.153782445917226,0.33444772892578295,0.5953798542139341,0.05548304126352371,0.4199551200563334,18.909035814389895,1.4542313649159873,35.83294152696045,54.38786129438823,8.112678603391908,31.85
30.058780940947994,0.5842158008841553,0.53551327790245,0.024855673653550882,0.3935911247371685,44.80975647597605,3.8082863589130396,42.888882759255424,52.09395217007614,7.07487121229666,34.84
31.880000889858874,0.47301932498662314,0.6095481292649978,0.06194576457153436,0.8642471900340312,22.160346572151045,0.43874607450112874,33.573975653256326,64.14355216202091,13.003479030341413,36.86
47.126798801468354,0.6189071759877843,0.7776615019694577,0.3438840258728824,0.4864065591266176,42.336384919288264,2.9712272147655168,40.23462802958521,33.00037484113486,10.776726941299303,57.09
34.05326644762859,0.6910048605711575,0.46486321036375977,0.07988939880841316,0.28421467235017883,43.81801949098524,2.8631619218075284,33.22123199225449,52.3802666407191,5.985214254092057,31.93
45.25328251506183,0.484308209958457,0.7336812877933014,0.23339742058783053,0.9435485366642158,15.55332344712642,1.4589975714503107,29.57350195855166,49.930877593181975,9.360310836900414,50.31
34.70891851898522,0.05796692121226768,0.642560675961824,0.3994781970081531,0.42091201534249434,12.564591528389027,1.5524813975664953,35.2320630712098,36.291081802865406,6.163520304410358,45.4
34.900559736852294,0.3074383141093755,0.22802188395948478,0.36717700064914793,0.5051644699361402,20.063462833809304,0.6151241419778456,38.78111466171812,63.87212276186897,2.4938384006288037,37.96
30.927796577724145,0.44147865597606534,0.844861351902858,0.17510734682620385,0.45785483614538797,42.823715651027946,3.764331496427127,32.194854367712566,32.23718630385487,6.293720388984276,31.04
41.901267798299564,0.48280490913153334,0.7805999921142426,0.1108521249365575,0.45476279410213255,5.201651431677151,4.36997972385696,37.90130549367703,38.4155031347662,2.8329983773923866,55.38
42.97475039098122,0.4830161238747646,0.3426466796627107,0.365286423403442,0.7648685142656573,37.20332882636646,3.32453083242458,43.3740809015579,66.77382098937056,9.14764901612288,51.94
35.274679591188324,0.5824012467024696,0.6512237378840335,0.03090641210146146,0.3066395097612704,49.80966654545201,4.445591110901605,44.18115162785697,44.25329352977457,11.408730891688485,46.19
34.313938116763865,0.14446951229764243,0.8979184531474209,0.01208768150053996,0.6480019390335823,36.811038257448864,3.472588841454312,32.345671647474525,57.471065993448285,4.596794759375186,51.95
32.38233348169269,0.5028589188994503,0.7483894400837832,0.0755783001848755,0.3784898657244521,43.513394414187076,0.6127950638477737,31.24293619193329,45.49889077854618,13.162183144937247,22.46
35.75355696416451,0.6859406444446098,0.524597914354902,0.17349398947499284,0.5087332376657927,19.233363775553407,1.7633350867404047,39.693230018801465,26.83760188038465,10.181800707755826,31.57
35.68416006408986,0.1452503321642158,0.5869257308507289,0.2917401779808559,0.46599168204227354,11.497662032093674,1.2872267932696424,41.907919614934734,37.04419307769336,11.296431116134725,46.05
31.77465108685925,0.5227505637578301,0.5279815206326447,0.012510900509922563,0.919956814508299,10.683179143749586,1.8963534869748386,34.541508794927026,47.0243454666286,11.425328268010048,39.52
46.64944102672149,0.4698931491319572,0.8654542154042548,0.3269558149665943,0.8958786635624127,34.252028648655255,1.915083117810439,35.529539072931264,54.61145396728508,7.123182317196036,62.4
29.836960321600593,0.5894913218401776,0.3429320477494029,0.37757904380988905,0.316659349952951,9.716538197324686,4.097005330819486,41.91793107095124,58.24417389465613,13.526365566856455,32.78
44.532974779805755,0.2788263445282235,0.5761790378985385,0.1782400118805315,0.20438751700520544,32.8720340640362,3.7880282612669745,30.96739052077961,66.92451378518669,8.364794473022046,47.04
40.918951418337706,0.1747497605349736,0.2444733438067355,0.2741260969676969,0.2830211624791209,8.523307315574637,3.751729103272704,28.93843796453721,61.439613057157956,11.553785103773931,43.7
38.36761294553938,0.11280656912981252,0.642799853850191,0.02517200518821863,0.9083606422420605,13.801998239218246,3.4778943485534963,30.18095421441087,34.431840174704945,7.411395786600448,58.11
47.97726480783366,0.06685204825911369,0.2002200937508609,0.1401468378859792,0.47461727585181496,48.95953627712885,4.580396228947049,42.968924598108416,31.443043771872148,6.945258022172881,71.59
34.252221355684824,0.48110471853185827,0.36600000423376444,0.12936770318432322,0.8453222370113629,16.026469876627743,4.828755617047342,33.2064125359264,26.058764942047482,5.058810845630846,38.19
38.13653932435099,0.12326544311310901,0.6382342140717867,0.34995962822259785,0.4718891613528018,11.76162140388103,2.120119979765182,41.36143596466066,51.616945333581796,3.2137185599312375,55.11
37.36170762911186,0.26262296641375493,0.2771124172373263,0.39244477424811,0.3320324899199417,13.022630321118765,0.8987969220907321,37.69328165788195,44.96513085172152,4.994686184318672,41.0
41.47043702123436,0.2331053454741096,0.8406720432212662,0.12253849487108233,0.34863427311713996,52.63752803738635,4.090690928567261,33.83333962233891,62.86443330147442,8.2257709898456,52.13
44.792231790784285,0.5389072934618863,0.4085123898501741,0.24267140610318952,0.47704266763984793,3.054702573140183,4.816715558721341,37.34369429323822,51.92946707496024,9.19869710812754,56.46
33.80095689547187,0.6815244811902365,0.6351678887606995,0.26836854422158457,0.5410945679877874,17.968792825520694,0.5088751144396608,33.953913341654065,32.924384317077646,9.945059219084142,29.77
34.05509716491304,0.2663737065191302,0.6692551526803081,0.059708573696494543,0.8970780700082743,21.92003261332512,0.6857573404485183,30.969628083650907,66.97357342033561,4.96543146042824,37.97
31.1233044707653,0.17616610002670552,0.8154667532299842,0.05921328804102473,0.21406294005220938,29.064125855366367,4.341088703662086,33.54184777206562,30.767302179056973,13.786769954787653,32.18
45.01381263896313,0.5388898770138003,0.688769591792433,0.1538256268523681,0.44325499490272957,40.281846986512654,3.6402224392507048,44.16000252883458,50.5896918031745,5.535453269452082,52.88
40.27427633451838,0.32737436972499306,0.7537931863516838,0.2338452848863351,0.20707679572073792,32.63167418806444,3.2412981725209327,43.5594412762492,43.61747531488848,8.8936119112563,55.26
38.6331285693777,0.09374764593484769,0.8280985672731711,0.36416493593265026,0.6110447073819745,31.94088681748917,0.47626897253098177,38.165158723035866,44.31183054456231,10.508523562813247,51.51
42.2177536545898,0.236480985491004,0.6561937313171755,0.2508503901248492,0.3701311134741744,25.90352195124587,4.211039643455957,38.29505794111115,28.093223589028515,7.314905975849957,50.73
40.832913578232656,0.44946656184191947,0.20727867105709838,0.2430782037673852,0.7511372404887025,42.97396168488192,0.48308369787181354,33.162193090867774,43.95731022481857,4.157260493538942,38.17
29.42259071651185,0.12359123395458352,0.6680863339903935,0.105028984464062,0.7335543856096793,5.501643456866735,2.900974654608814,34.654627280976285,60.863712636195935,11.407418962466743,42.45
40.454280281754286,0.19790676473266727,0.6062847853262942,0.03250587757900898,0.5259532130889575,12.501839439981676,4.440229674039309,35.56331390543614,51.58481868868907,6.324582323960125,61.13
32.05839566123067,0.6427165287335627,0.7596260476988668,0.053304457772412356,0.7600436572188487,24.763600405905965,0.2739039438107353,36.982244446395775,30.852089803818973,4.519211757123136,37.75
33.14284074282392,0.6297273311971807,0.6600188308969189,0.3329133939643236,0.6613921537476382,48.18017873314483,1.9360864401063207,37.33538980705485,48.21506801999501,12.845488496935646,32.91
39.56121526373385,0.5403802762475372,0.45903483237356224,0.34703260984639056,0.47976107530830053,12.012055514587637,3.0034321059441527,35.149656170634316,25.683554710690206,2.8380631099220386,44.15
43.38659919036304,0.6298256854219364,0.5819486118099557,0.04222618500564939,0.6008142141813846,47.49148395104114,3.7974926197884304,32.94866878285537,30.575077417976104,12.808180397146916,42.69
29.074307302904515,0.5853884183859668,0.26804884644945765,0.025313453360814808,0.7689506728596947,30.888152340097818,2.1898305156335307,43.365657331592374,62.76866074304892,2.6914816585646792,39.38
43.445348064149165,0.4078188768537188,0.8881038493533318,0.2744190018590193,0.278107259522769,13.311496623997579,4.1659789817574175,44.9448634434531,29.42526700925754,3.2039518141405807,65.96
29.28708563433079,0.09456407544215084,0.8221715381067638,0.3201799249273804,0.8611723998982868,36.82669691090319,1.7481748253065206,43.40732423565745,38.44255862384943,5.306130073458192,44.76
41.616451849864156,0.6321868550610078,0.3091309024777807,0.3809187191062526,0.6595566175252453,37.73782229285823,4.587490785566968,34.47280056980868,57.3808747613138,9.684087453493808,41.68
45.93885583666615,0.49203955602956145,0.24734768815214506,0.0732561383399121,0.915483636700313,53.36982461561576,4.84358390575214,28.625589806802004,42.21016755772382,11.116072447855952,48.75
29.71817809899917,0.4461677766081873,0.3000087329786002,0.19728373314711733,0.37976427563084114,5.764380930205839,0.5840932425277259,43.485180145408435,58.509068389069036,13.181887781275405,28.55
36.265849979056085,0.2829647401263621,0.6314149672364631,0.14062375478853345,0.7597049254865047,44.66850096322483,4.404054048461029,32.127615814169715,48.71599221815689,4.681335400758066,44.09
42.15650608339675,0.406837828057831,0.7067490956871585,0.035049164562614844,0.9466446342964565,54.706125481245664,2.431999162416861,42.722998158125215,35.96058501125006,10.850793934679563,60.85
44.29332532161557,0.5776531508567523,0.5241186424622055,0.32799597911150913,0.7180286097659754,9.887472703498627,0.7480851395096966,41.12267631088888,53.14588399478157,8.23251340629653,58.31
41.19180713742437,0.30749538430739504,0.48975226572332864,0.242097744327034,0.7702064635147614,32.34637196135445,2.6420522346520627,40.35731194512109,56.73690474581663,11.964162087362732,51.98
43.09904264163958,0.38394429311859846,0.2522851840232063,0.2716040112678079,0.7374051455014572,30.228612816323594,4.010235092718862,33.10421784669813,34.08582483391463,6.208807420919342,45.93
41.918672048043376,0.599587959620848,0.7046427330550735,0.0695950236278406,0.4746628136001931,11.237513099284456,3.4962761578786465,32.2189219296872,48.6424119783331,11.501958118336212,52.6
33.96747981330265,0.26636338790062153,0.6573550006221223,0.21978709973597765,0.2722951156025333,48.4475626422244,2.6605435906574173,36.04713722435691,33.92977014845181,6.523925827646448,32.87
33.41471365658854,0.41881427352040246,0.5235927521961974,0.3556790741258669,0.9060079827853706,14.412618319860727,0.6805060580826104,41.35073837529174,69.7687631637374,12.363200838249849,41.41
33.025271014129316,0.07817248007682155,0.7745455639288166,0.23256279051692652,0.5852889058752904,31.831393863819432,1.4117660417436373,38.22785227536067,26.380014030881348,9.752140687650076,36.07
41.460525274236545,0.26587638690294313,0.7783840405892799,0.2862175988469928,0.2962229921932084,13.147499467992382,3.2581203832555454,32.920074270452446,30.374482365080663,3.8596279177987065,54.22
37.55581813636765,0.4448005447291732,0.3234815923980905,0.28499864414528847,0.41075945562614635,19.201023196485963,1.2727933811557162,41.34850431103425,68.19162248215946,7.9099981841371125,39.13
33.21138632850952,0.15273268922724992,0.7899335993964125,0.033941594973282065,0.9248571805162877,33.60271638448055,2.6851509779559835,42.404960581126176,26.239642958115528,11.325832992884116,41.74
44.815561978808645,0.39396454250461016,0.24279058165206427,0.3332980155205298,0.22048558780343874,10.195276030467381,4.029557714367819,35.90280910558415,64.66249169596752,9.625151273493003,54.82
33.8447021226403,0.1368923403086268,0.8728206736276778,0.041919075657358064,0.5967579500551756,17.173566723408573,1.4678751851909826,38.107965728147825,60.9070352730491,11.326153793975344,43.97
33.85805475824734,0.3527383981147979,0.20653420125401747,0.2987430492545462,0.4267573341067123,32.1976637300497,1.0126413536933634,41.929791621283584,61.7772498675225,12.529434977035466,31.22
47.849174195500275,0.21105661938580145,0.4166035802331446,0.09973429167617845,0.40064952377489926,31.738390517389625,1.351090612658142,34.69411229380688,54.50229620994469,12.032314442932723,55.46
39.88645689574646,0.14602356565169464,0.7712809210788978,0.014909955197215476,0.39814374742647657,5.967063680461981,3.4036590828054205,34.262308404089744,54.342181744219005,6.1643715116430835,63.22
37.15922020332361,0.079627424883904,0.5011585684422024,0.2564257452460811,0.6095391845565754,6.914755846470937,3.4066687312963944,33.250666833559436,25.649566125055994,3.8671466850109426,46.51
34.208033180601376,0.501348958939808,0.3684574328960351,0.3091184673900675,0.41485788604548496,35.28491279438961,4.036238625205664,34.55445418694373,27.10622238169617,8.425346252706571,24.16
47.37983732753827,0.19366442606370932,0.7289875565969766,0.13798073272802638,0.3202043601373186,37.627564431329645,2.604169901728491,37.16691948014652,62.23266980059788,6.038524110649076,62.8
35.323829339252505,0.07777053277727897,0.46461057513544424,0.38001378528165386,0.5624468615663127,8.627982715517145,3.501568781005884,44.377448945214866,65.85753609449156,8.863530053697664,55.7
39.61355337018481,0.5803551904295121,0.802866139412918,0.3275375539769765,0.5416072838313033,9.180615457651959,2.9320324483461264,30.65929007656721,27.74312502540352,7.984014001146331,43.61
45.08294612812786,0.5588431100702973,0.8000683589295838,0.30402750832835623,0.7274295476796044,3.527153595316381,3.2052910966842103,30.048190670365003,27.64002095496435,3.876945825267865,56.63
42.876987862000426,0.666702063383388,0.8852833810552874,0.3573135945495929,0.2996945382327494,48.67590252809898,4.2254582469854975,42.80845961761486,31.825852770242115,3.4015019332798104,57.73
31.47653298269009,0.28960412517769074,0.5191893946458421,0.04977701113182578,0.21547571602441057,54.692704427890035,4.407954775207814,43.50974479896084,37.805338117245334,4.641218872945268,43.54
37.06638737956014,0.05363963526175641,0.745477178791883,0.3986668152568069,0.596518152576567,23.189452140647465,2.085209087461776,29.63331124692571,36.97728182638053,8.025593463615575,39.44
38.9006949148622,0.6018926716143143,0.3576696118897284,0.011065672362524781,0.22866908396205557,9.976777875956635,2.938318327061132,41.73914177064472,64.90626726762842,9.621358423699654,50.26
31.090294163122948,0.31092192063826135,0.4326905937354485,0.3480103523428551,0.5650395330579554,14.762186797635499,1.5862451207157433,30.319992797225712,66.33634520811091,2.6041501548376225,31.59
31.659778670537374,0.5770681116419067,0.5664267506417568,0.25033731495079453,0.46829875656180114,6.571255248556842,4.309559179962407,31.262202626131927,26.48766402453016,8.872449631198325,26.56
29.915237037196682,0.5702450704636414,0.5441267125225968,0.09660338089885721,0.46146981751963906,40.92053089984492,0.5184998948316888,29.980170470864568,52.73179157457564,9.283660813605287,20.69
35.490989625108995,0.0923004576653853,0.5762762043947396,0.25533872470471614,0.3047020893396868,31.74882262383023,1.14928218395967,42.36041098397816,62.582267310272336,7.155549151981301,40.14
47.59547748899483,0.13401320781595266,0.45739966338272736,0.24012858801865786,0.2636283571860833,22.898086198335125,1.4536260032796355,44.18485375643397,43.521362027416174,11.15205030257015,60.7
30.63624140837671,0.6110484946045508,0.20029184183217272,0.02237634958978001,0.4732883044227824,38.718709286974295,1.8401806173957234,29.127317899556573,39.302801518036695,4.939770307881948,20.49
38.69603826360804,0.12581984458372092,0.4012474021576663,0.2564759320889658,0.743836766617233,16.699692596513174,1.7801296211131232,32.19745704816691,68.05998701422864,4.286236723848834,46.47
36.90070591663064,0.17304913348036993,0.3096959193999257,0.0383518150804342,0.680128436081187,34.828277254898595,3.320781881014238,41.14610013615974,39.68611057566591,13.021084803343058,40.05
44.094171771623735,0.5186254064873622,0.4509189518027933,0.11321299522505397,0.5168878021842607,8.04557874773464,2.3661464075165464,28.733396712619076,25.177568201223753,13.177987273696314,43.26
39.23693894131938,0.27171632562498754,0.5993766102795519,0.35663031053533273,0.6892851004578985,34.329063893582216,2.4089816142640545,33.876849521064585,56.43462012647703,13.77177129218977,44.3
35.84410408028401,0.32827375703727757,0.49788077763480504,0.39624990934739807,0.7300836931320054,21.677591358950767,1.9832113943682683,35.323547720648946,26.652048441120236,8.333796824255,38.97
41.211355864150214,0.178973550395002,0.7096239689648589,0.28778344253281213,0.39690441173674784,35.389482156560625,3.1325553589852935,42.27638960555509,31.123254032504857,4.338062054138273,55.22
28.88290297784614,0.3201362284411092,0.7517533293998062,0.05948575759359929,0.5449615527023937,54.46800013588712,2.628416064439349,36.47150501007554,50.145711267587565,4.232052443992894,33.7
41.54709258230217,0.30724842643875055,0.402934639750833,0.012556647967959035,0.8345378728838619,4.681101023931303,3.799918995599933,34.493805502975874,51.94095147270926,4.972136008281948,63.8
38.66776001669895,0.5021515017201933,0.3368453064616026,0.1745435789730257,0.5334912277185468,14.230915752132066,2.912237342010229,30.48090667528891,47.9387127993361,3.361178136391994,45.51
34.23198109751114,0.3439600898529977,0.5036245516102219,0.36317324912743715,0.5674516999673471,45.56194300159747,1.283131485976233,33.9854075087824,28.37902212849359,7.048973537857924,35.09
44.76334068218792,0.41784469266945085,0.6480508687151549,0.07090683104677926,0.22790452867507954,44.16778354922043,1.0017833957181748,29.549882104056792,67.19030444079678,13.562256368710118,44.94
35.57274545374587,0.5916057016266337,0.3433039715347887,0.17175693097187278,0.4677629742504513,50.46039951856744,4.6149315937389135,39.06506074750233,29.983306312271132,7.78631347589963,33.58
45.69831326368964,0.1399618193605312,0.23801719310249517,0.2817716134200313,0.5399645562261146,46.59497415536039,0.5582222296126964,41.61829425433332,26.680063877987124,2.3368401429674837,64.59
32.425825793613036,0.4359171595542448,0.2180718959480293,0.014155816945191413,0.7453613721289554,13.928588449600205,3.3508021935715213,40.748676745512896,27.669902457623536,11.23704745357087,42.46
35.790919163994964,0.10631547499195584,0.7870409883553968,0.2242915145303056,0.5784989583853792,53.36485016694329,1.8056276477152196,43.143247870103835,57.38595464790719,13.142337630226868,49.8
47.82059610052139,0.1355898888241524,0.7572114744641165,0.3217977419790013,0.6832801461338651,17.500769828386503,4.832711703815912,31.475176344133562,47.48089202612975,8.257845353830234,62.41
42.45057644666482,0.10776365671715585,0.6851684451926976,0.3394461985162548,0.46204731881179967,39.88988204715841,0.9525152391096792,42.38113302469894,67.84142643489511,3.832324321997323,56.49
38.11662193113052,0.39547456569104605,0.6945428030204817,0.1954961997345749,0.6502447940132876,15.006853009391614,2.0168316631454255,42.709085951215535,29.94561302417735,9.170903131203678,51.26
44.93079195846744,0.4263785700048073,0.4821341478691898,0.09992986946072718,0.5276335243922259,52.7958409479306,2.644204590769379,35.98132203889762,58.58232160751391,6.54856484998288,54.55
34.73895463143238,0.1480978409641044,0.6996664499418555,0.34921236555344953,0.8791944869320742,48.801752777964545,2.368562251702366,32.82912526745434,53.706568732037056,13.45645894287238,36.08
37.896971231803136,0.4977255734337413,0.7407765387180778,0.3677077045312283,0.7724118154791155,25.52590889306709,1.5133112886343236,36.49798830040305,39.76800750724623,13.313175112253768,41.1
37.44112671928016,0.2763275418006609,0.6475848932041202,0.20802051144837913,0.2967866921736924,48.19880616318572,1.9232615942902322,35.35383330928862,34.25501754986106,8.64077849141467,36.94
47.46663819398756,0.5074815323132318,0.39900907908806216,0.08178990200558643,0.42206593899094846,48.537739086655,1.5986728313405618,35.867959287473006,56.758212440900465,12.463878364686627,48.82
43.062183930688455,0.16266241759237113,0.814185479383797,0.11028767344724427,0.29628362304238676,53.7647030977148,1.1678716421799726,30.3230834913256,53.1709405045804,5.826357793953143,47.8
40.02242234431752,0.543340397694453,0.7552388619450097,0.06220504040490896,0.6176503009549568,45.31127527543595,0.9732176548360891,31.530598280101472,25.108512884425494,8.295609876743457,44.94
42.48485151453798,0.6754390061514437,0.34612884229934915,0.25963880470541306,0.35887584609388357,3.936356666944608,3.841060132230007,35.37807950306518,67.60540876815938,8.411430585720867,49.71
36.99548883594556,0.1818796666239107,0.8146204908806021,0.2763612723550099,0.4559291034910277,30.446656785971303,3.413504903422537,41.30858118297223,28.606624444174376,2.2702261039429614,48.94
35.89992620345126,0.35335929655335974,0.29552314114969386,0.1644612551598421,0.5312170897713728,8.672678111229308,4.599967808939524,38.18548076899103,42.48409887053269,8.08288620166648,48.21
45.086620632891865,0.42375977701952733,0.5464270700754804,0.36435416123823905,0.8284847736755507,45.26569835414416,1.282924180312852,30.603092894962064,56.054343387073644,7.623707076096751,44.85
43.212544642222326,0.24195377977408805,0.3992553031859661,0.1963326265032735,0.405161985144873,37.69935435284238,3.7843061402274407,36.02466208290515,57.57098945193894,8.125250828849314,52.25
32.49936495591451,0.5302479798564772,0.7005868164199125,0.10664228281967106,0.6169782432801312,47.476206729468885,1.397708705467707,40.5116563282495,67.92850227160991,12.39490303709078,33.93
40.14415465976277,0.6946505872642574,0.597906187963003,0.04601104097214664,0.2340730660840707,44.09635450668948,2.2334159619288614,32.19581914069631,40.645241379742615,11.088474398557427,34.72
45.36998985051753,0.5277016327055045,0.8818099053117976,0.35540150671593734,0.3909104088395069,37.27108010573277,0.2986065657350906,44.84881431530317,36.74527489611685,9.977541123483007,59.04
31.20929325455943,0.6011215728268114,0.2085719660535757,0.17679085523416296,0.5540282168983539,22.452717089454268,3.014646782242399,43.552319927944744,39.71451014351301,8.95111864599709,31.56
43.45990790202757,0.0764766221235724,0.8599535348893637,0.018658761703445093,0.6415688557807473,32.91838825638857,3.974673107371117,30.52353188143262,33.071667642821666,11.025283192860325,59.07
37.38890254131279,0.5255712586371057,0.6558693501478767,0.08424167444523807,0.42797019401456415,53.38669496853413,2.353618976743443,28.75577709941847,34.88132047598497,6.109221075942052,39.37
28.5279169756509,0.3833990254109683,0.25852376948178396,0.10962703947828874,0.9442873820704543,39.64120298436803,0.44319982055777773,35.627674216060534,32.723688068298216,3.475335876825455,27.15
38.11311779280432,0.5328632798050803,0.8246143597623017,0.09867274297266478,0.8922439899915477,29.935572172812964,1.4424076072885623,42.378359247744356,26.598846311306012,8.714112529675527,47.15
33.59955374312287,0.6112697464160916,0.3681991943505894,0.33594971309269567,0.25890872287434297,11.316234777158428,2.028726002729159,42.518943717569044,31.50634143070521,12.505258877530899,40.73
37.05016797189057,0.2792773627692195,0.2826883586301665,0.3777238958076561,0.52863371806416,38.89722559052211,2.9612848479873493,36.529170586487524,52.745993060058204,12.780107674429146,40.03
38.64960158910442,0.46937087443288456,0.6244759963563151,0.17324848299452525,0.6685730075978378,26.065629608536508,3.836549013785179,44.47151221987885,68.19394108737532,11.848829437099766,46.47
42.98663976141481,0.16573139191741032,0.5353129201197457,0.10292190599654574,0.20262123583201033,53.27035388294795,4.346473096888839,36.73287651398876,36.43685296535531,10.31570252239084,54.31
44.06699066845399,0.699686771617617,0.444357825242909,0.09776121739121911,0.4005368665960687,7.854004775394942,2.091421743200746,28.296225896187458,30.1478000830574,5.260348967272044,46.93
42.643181990014504,0.11864311406413519,0.8061958735171673,0.08844580148438115,0.28144296272867575,3.5255455104254434,3.632984020746303,32.36248468095521,47.92743723119986,3.339392560065869,67.46
30.507694781399106,0.3177518523172208,0.796154651634126,0.09795477939216274,0.40022883900963,45.04197482631811,1.512030354521661,28.04881228861182,44.25611742204774,2.1504225161417,28.62
40.836264483584415,0.4289592730438074,0.34111265760365417,0.27997847417145455,0.7079409827587593,6.144105844118977,4.428063347890748,37.850027169806694,60.661009646737455,5.154968865546131,63.89
42.04899146373569,0.5660237460658554,0.47022347353350397,0.009476910126524497,0.8136905184903984,13.716883129182914,1.8273533211079434,38.67992713221121,29.497962364508624,2.8639491936615578,57.99
46.33279720478911,0.25239878377462616,0.6624611705819923,0.3956940996070969,0.7020880951714576,30.304929384521362,2.700415680882745,34.40759152374438,51.99008451797884,13.505496674548452,58.32
36.48453234066475,0.2660891388711466,0.818472070736185,0.054314330250637526,0.8371889427232264,16.263991589801282,3.635020331724405,41.70574987317211,46.46484327685627,4.307407713707292,64.81
35.350166901066295,0.2584421693136375,0.5570113276474077,0.1740344964415671,0.7122891627790431,10.134286035378599,2.2913103394297902,43.158930790828464,26.622821924787644,7.488059997839917,54.14
45.75422174083971,0.43596104750656417,0.77713898986753,0.08907640758371459,0.46460707717089467,51.99087824425822,4.452680542844894,37.485200705707975,46.39697520076804,7.412808697453502,60.37
45.84754207913134,0.5817971804699681,0.5193758013095069,0.11177598908778937,0.4571904548198979,9.404350465390252,3.6645907582674684,37.46338756143258,35.53465402712027,9.476066864932276,53.07
30.447902709523582,0.348015256906463,0.5459111746454887,0.06671888552952097,0.5986851582479862,34.51081744450068,0.9552537863287776,30.630306283150897,63.53569220351902,5.7366492400405384,27.86
40.53546151350428,0.5954610691287128,0.7179262418620664,0.33623057337531115,0.6689110922379993,26.37177234672769,2.0891193023027586,34.44350603324441,43.827689405912096,3.551711025845244,45.93
35.788898144052425,0.07247158115685046,0.392591528728438,0.30076278989608674,0.633459178557219,44.920709831313566,2.8049026130276715,42.519424013079544,60.82301948207725,3.1794148417069654,46.99
28.294948938026575,0.437944724654252,0.7547580565217336,0.13275765594036137,0.6489273442228685,21.83037160406731,0.49095188003600915,28.143845824518625,29.268791355003476,3.1809151294405615,18.51
38.51730461925027,0.3460511451125423,0.6843450329216922,0.006730454804979358,0.40323761106179823,43.42442202695665,4.567890111282169,35.45172213603889,28.666779106230987,11.584744870741856,47.09
36.27320541387439,0.20818091504818004,0.23078016775606172,0.2364331287579424,0.8824021179218744,38.25017732705693,1.7227932698947248,38.929101512929435,62.44307833516115,7.709960712193494,45.88
35.838193533327086,0.27652869108725087,0.6080920381149878,0.1858745670777925,0.9328339403458124,29.852250023465086,2.0488257387969036,34.71387023318512,49.657297777590244,6.2589444560983445,39.68
35.61325855403282,0.29969385124140796,0.6318812745637632,0.024338749078403988,0.6915161885863597,29.25855529225173,2.37452534857588,40.22730084203518,59.12151019021874,12.155130360949512,51.27
42.286842029890394,0.4281731584412898,0.6422610824462716,0.22220916284233413,0.7795197674028909,12.882126201591966,2.8674182371587045,30.687730412041706,43.32633726809463,9.967925880992897,45.44
35.59183073344363,0.625230500920144,0.7409780001482349,0.21051631400015,0.9125398667566158,25.06699505061968,3.982750052422909,30.854916076624104,37.86066146997686,6.057026976007458,35.12
38.036096301521354,0.17496908718222218,0.643930122614761,0.07603694382920732,0.2926296930044565,53.392509835144075,3.3595534678933103,43.91966555004431,47.04495063969544,2.400829556760491,59.5
39.16657773671417,0.05973414385878609,0.8028694310812821,0.24798827224656989,0.7585183770321096,28.68389752019076,3.1683317019596626,32.37698818488491,68.81909954958913,6.8086400905719815,49.31
29.118308367492546,0.46351175650549115,0.888365895823519,0.35831779873851266,0.7265784256148102,54.511092307628765,3.669575657802111,33.76726909782373,52.05481598770779,2.9571997098267384,39.93
36.35080471856985,0.1811820208159794,0.8674507103797193,0.3982390106978598,0.4782019400912491,39.87990727601433,2.157299507183555,30.37165647456551,40.16170814659489,4.800460384587959,36.95
32.30043376795433,0.12302432738786015,0.35219990055368905,0.36230281273193715,0.26391625683239656,19.887345475272195,2.7365594936126496,34.026715155032065,48.29231927584993,2.5210407228122476,33.63
39.269576031121204,0.49262807280554943,0.5970804710790658,0.1751614329702653,0.4626061567205619,14.774629885188363,2.6003250886717404,28.442891690417618,39.77083726446966,10.134467522774353,41.65
29.257824846390573,0.47391609343938734,0.47844230479964517,0.3207300146197525,0.9029834779784929,52.766103594094005,2.24284569869206,32.49356281267555,52.38761824341151,9.538315111138836,29.58
34.43557227437762,0.09143862867124697,0.34700338717791923,0.0617677712088935,0.2929252593374827,51.1667326957218,0.266468700675046,38.23158156701747,67.63632080830615,6.3206375299295345,38.83
41.915673269503195,0.25616030152785524,0.5343563913950744,0.32684114013310084,0.7590167489601976,45.039369397627716,4.939232785412749,34.295567073915045,58.61910683210979,9.233414805223795,48.85
42.79747809665869,0.5373253560151046,0.8200216045063737,0.13972867009442216,0.690111017083933,17.575102443036506,3.053929784561481,40.769977382922775,60.59504887727382,7.041494035869473,57.61
34.67699702340346,0.15987362525075982,0.38236218363477253,0.3648548019599298,0.431727156806987,53.68748534437173,1.3590948090338322,40.29220848717776,50.82564821073261,10.362440594297583,37.48
42.13497167195178,0.6386055814830482,0.594428647243737,0.027139513161598086,0.4031190758351747,39.82738698125572,2.571558214283232,37.32538370453467,51.846120492113116,6.591551275814839,47.53
42.47069767793097,0.514294617925524,0.7007171218244612,0.35614320066169913,0.6465445845824558,53.287754373841835,0.7721248850750619,38.743302602095696,57.2616945671108,7.726644931452315,47.54
39.000749054221984,0.28708599218895675,0.8363868497474716,0.14271696501330197,0.3317802445265968,32.97223528860355,2.100764438625773,29.630268461614296,50.41790579490588,8.454156933988417,37.15
39.95276337919686,0.4187833330073678,0.7415288361291137,0.14462797193705376,0.3865696427477295,52.46343412248033,2.8938441093573832,28.461379301031066,61.93202578502844,4.361096731027289,37.54
42.10324854311929,0.6797289207710522,0.8759055111161682,0.10976424986230399,0.7748371859175638,19.476464460556045,3.220150106382053,38.16168344422808,27.45445820295241,2.062180998024291,55.92
30.55884095063482,0.21747411937605288,0.8348686562697936,0.20745307013867453,0.7976688041305915,46.59221110957482,3.7277268732345976,34.65354711514972,63.873672722844226,10.904597039851048,28.92
46.03148654331139,0.43913125709749434,0.5700021009735237,0.35606502303883014,0.5408462961231477,45.20167619349983,0.4584625301350771,28.021929055757475,48.773162032196055,2.8833427257965627,49.26
28.110023480795974,0.51679726372412,0.3703692870503545,0.3870208021088225,0.4861562379709221,4.418738165720988,0.3292916739621571,37.407347319319705,69.40203905640766,13.757282420548632,30.8
37.65407298377794,0.11529627376858045,0.5655237991942121,0.23988063961930928,0.3882962492084908,34.82995066758904,4.518525208142019,28.01624066819917,35.3020198438575,4.519034759887258,46.47
31.322024254742036,0.4568431544875019,0.2718860731054499,0.29541264360828867,0.8652669429187876,51.18256165727519,3.368843908734564,31.355738980771473,28.838345899295856,4.784299445683995,23.75
47.24690403501424,0.2982472745469223,0.4280540787682854,0.20400423290362615,0.41876606860055055,53.94244748608929,1.2618626721179715,34.275425597107066,44.32168940650803,3.500768276973946,53.07
45.13461440203947,0.14123465094689297,0.608815365578331,0.16265485522400672,0.3279025445880911,3.6414805513587027,1.512047856751521,29.051092331866034,41.95458120835308,11.722518268392148,50.66
46.94767423403534,0.3275600212690949,0.6954609790142969,0.2661366888408081,0.3627847273686947,18.786290272098242,2.7431817603092497,41.54317442310067,45.781573050831966,4.732898434106327,60.55
30.31157612707337,0.671327789869363,0.766332401901342,0.33555740772314074,0.7961881873186245,13.824888947840343,3.2363954114971607,40.86474681166584,58.55586064457432,5.2587844465289315,39.18
34.562459678290985,0.3618989122453046,0.6016465229445735,0.33478014492766417,0.7767756707784621,38.159827334658836,1.4647486061252506,36.140968481894035,40.09461433575825,4.81913815460641,38.64
34.78923941141381,0.21647557401450396,0.6003316288767717,0.02492070811348488,0.4028896975326508,5.3280134793975975,3.2788059416644932,37.659222495666626,40.1866010383513,3.7680152052265257,54.45
39.68784894777227,0.4914236882718441,0.5719441272886163,0.322613299058482,0.8722850371610911,22.90094826707675,3.512121498706931,31.908087237288747,54.333477122291725,6.7898675597186315,44.16
47.11055736845242,0.6144870046001673,0.4035855852422199,0.3991029256931442,0.4378457559174006,26.859897695871886,4.286043325637202,33.17813797257669,45.2743127974375,9.987046005479066,46.65
36.44700737383435,0.25111645928505716,0.6737420141053726,0.05438775602414872,0.37454860932570305,39.9915625951291,0.9498769746757509,35.174327458078125,57.079632494167846,11.185620613160063,44.11
45.039912188389565,0.520581995734478,0.4375062120853196,0.30552114093209604,0.7462241490054942,34.24634377843605,2.880709632348053,40.48995931129295,69.96669557674545,8.942626991790624,55.49
42.88547434631165,0.6062754613219866,0.8681674029688968,0.07723328298432608,0.32409472729633726,33.49029507757484,2.3566163018552215,37.702285779625875,60.911923051847886,13.180573760590956,45.6
42.35865291087249,0.17791947209691605,0.5741863645481664,0.00872191111220797,0.5778129253498228,31.357495874525995,3.7301376117359903,39.04124143351886,41.12785304376107,2.068770808557456,63.82
47.46121307034905,0.6495165529049487,0.4275652141568017,0.10354117596955509,0.527312220267528,38.876881539827785,1.9127728287582735,29.143995411429643,43.12577915999783,5.127067933777183,41.71
31.259144915746088,0.4782460451396708,0.5686416532716574,0.10834524691814172,0.615396860979681,28.62080805269638,4.020679311516934,44.25173257878343,30.88017290403952,12.606961746895795,42.15
41.851070905958096,0.29329558314260695,0.4407357368254447,0.0022557939290067885,0.9366536559779808,34.538303283398534,2.1311773948348423,37.24406997216704,26.823716534331812,4.083811463500027,63.21
38.2852345936724,0.5615986349029615,0.661119883311736,0.24057427039175489,0.811449278228985,6.549681488698832,3.5162566228701695,40.16504212591326,37.382359735600495,4.3477956378487335,49.16
31.962817268639885,0.3904584240873364,0.29493841795607995,0.2637143445677402,0.27880869421157717,4.398261296133322,1.7325931637401812,31.2616153034617,69.4897924934537,5.635955607406609,36.57
31.93539646998429,0.2930043881222687,0.6240942267321045,0.31277811001851297,0.47343218580730134,35.55049096222505,2.5138875117410597,42.39042088630777,50.60687997212958,5.478700062549201,44.66
44.40128976045992,0.3525364268965772,0.8910380672176232,0.35163875167652536,0.3477160022491186,43.911305352124344,3.0845659728788775,37.09179206273319,48.127236396080576,12.240933713389149,45.38
38.75411970107467,0.0817589393927319,0.5138120088309901,0.3632166248182031,0.7338025470084641,5.649606858919978,4.443162954325003,42.053342763409916,49.60078952062876,2.2688655821873778,63.8
29.09178099852852,0.25824632376436224,0.6402367332319172,0.3651652335528698,0.468346727944609,47.72123670993957,4.6081328499224785,28.357745967774342,35.77425269886392,10.518347590729984,23.83
35.84833700434108,0.47689049830235564,0.6285110321534246,0.295909984640424,0.7389938208088414,7.46528149549879,0.9596008685122925,30.25636150340837,66.96160314292686,12.962511780235872,39.21
30.334371213519187,0.42327645544773074,0.331061438262896,0.147353575023521,0.4003184574780597,46.10441103734823,0.8933667176925115,38.98504586637129,69.27525986992751,10.2446549990436,20.94
46.1569900392505,0.4680017904982374,0.5194176857236424,0.26387699141644744,0.8592832478544776,27.810615851592964,2.7503431174987005,35.69160578670521,28.266614184564936,11.444841523128302,53.05
35.8914002057662,0.30143484964502393,0.39602855446071655,0.16100285035776737,0.6635068327868214,19.192140234801013,1.0280573009517269,42.779247678623534,68.68746924357109,7.503005886515847,48.2
28.949641555564586,0.07395350139653453,0.4750173969517814,0.3720968073203863,0.7480314075511734,21.1620097812803,4.846622840873892,35.28888435534742,37.455673478859055,7.1162389366922865,40.9
45.712775404015915,0.2847626517714987,0.660578275146025,0.15561887953086542,0.8762985634729719,36.40379908921277,2.5436090733502374,30.246430476082754,65.5862498283492,8.561802419261252,54.16
45.55853783633408,0.08538627780636507,0.41985384213070015,0.21473136048085906,0.4548607520324698,27.790181279700608,1.4687180111887226,30.21141254585925,26.658436237758327,3.891758778945703,55.09
39.50806266673477,0.3678240814306684,0.469026687513996,0.28336805839335416,0.30594460692957004,17.358753117938498,3.3483301743860134,36.144094197948874,59.65416425315899,12.765318127479839,44.28
31.68415428521464,0.10945565309253603,0.318608420381534,0.31341227664009225,0.8853733171195328,51.123341120600585,1.6314357889781386,42.285803426230494,49.130599075994354,11.873502180178487,38.32
30.917864395582363,0.10149270819751333,0.8700534044465378,0.1703210225726316,0.4628904836729884,21.52776040795214,2.0188851750822656,44.064946074203746,27.821706433142914,3.42873544858759,49.46
38.988189826802774,0.13354889267461878,0.22412209574483546,0.08969373931169096,0.3956080532827033,3.7390775378813834,1.2372345840185281,40.55142192819079,63.49451603366517,12.778829957236614,53.03
34.38827451807116,0.6999095513351269,0.7385383156451122,0.21494083236302175,0.3910785745170475,19.707883550025443,2.6737488743810585,37.21540963644276,25.615538992315503,13.512801023257694,35.42
39.78316488818267,0.18745623693998248,0.7354910251608735,0.2949058080367371,0.27136848005357306,33.93970735751586,3.3593299775834233,42.20465896775592,34.274103051296976,12.531617561676871,56.03
29.930472386112896,0.11865379398206935,0.3384631175712187,0.1131002823941234,0.5723043533448497,41.93506228271711,1.096284329693275,44.875080506492125,32.268486929664064,9.19253561266577,36.91
44.650148457536545,0.47112798108105386,0.7008450977536289,0.053682250682145716,0.20724729032018618,25.575736786739384,0.6296908464238546,34.081793552518015,35.068425710638195,12.996160668568912,45.63
44.37885697062017,0.5140637939690919,0.30785035037281894,0.019346970479660632,0.6904158933910194,36.397423133105164,1.9732365668215086,36.03567332940515,47.01172247070952,4.8791375929580765,53.78
36.36779109327003,0.4420663694425333,0.8690734442121746,0.215393843807616,0.7483729321574011,44.96405732456877,0.7448389822810573,39.103119348416996,46.694982411449104,8.869171306974707,40.36
46.1243147309477,0.6693096972240425,0.20243734657922824,0.08511663681660436,0.3351456302817125,43.62783489855227,3.0707842837367374,31.01467227604444,61.62869298934872,6.241698461668982,40.3
35.74613210641291,0.3888971341867991,0.5360997281801078,0.10983360106497707,0.5184170281203802,50.233531792423605,2.6138918551003765,43.57856897718038,49.75571715180841,11.225807519169905,41.91
43.808269800888155,0.22180904844024063,0.2136849801500811,0.06429157727107722,0.21623965627402764,52.24725737835429,4.9998896980049325,40.95791448153185,29.865767368821444,12.787345523991794,51.04
34.64489030804176,0.37648064267580583,0.6632315388833783,0.009620190269308493,0.5761556840749213,41.08456252925923,1.1034817851023975,35.544439749148665,48.963855813322,10.826784463510787,35.63
44.96551096008583,0.45398697314946757,0.6085484723843665,0.24127467722906829,0.6088839819948304,6.086869773464025,3.551822694023384,40.17772560220325,48.06161630201623,12.444651264830515,60.82
35.25329315714034,0.06280132983911227,0.24141315254837606,0.14071930465671453,0.5465789938990122,11.677298214438101,1.108775870828634,31.91359309924872,60.12310028093227,11.255454091421257,38.38
31.447287631687917,0.122090450291255,0.26099051843302123,0.15651170035974885,0.23415682499083956,20.34902193056942,4.815359564197459,36.62757846537066,62.0190095575835,3.551191350744789,36.5
46.930928890880175,0.2993087330071153,0.6538842899138256,0.39045071166503575,0.6130908172480516,18.87798935989427,2.753352588569899,28.92883238862461,30.056644334171104,2.086053260627239,56.47
41.42560857799191,0.24391434733628625,0.3548129934451132,0.27323064046311196,0.8896490485889619,18.555232734709755,1.7434837250565525,42.522092328294136,65.20191171476885,12.968438801957342,52.46
30.40625135192698,0.33599842179905226,0.4070354055988267,0.35354666672473434,0.22747620635265867,35.96178442108616,4.5496705555909465,44.60339623570312,54.25587696841194,13.39907548426856,34.16
35.185566919924796,0.055664553262376903,0.8868286405335728,0.3610905915066797,0.22103941718615103,3.9428978239078307,1.9614535717105575,32.39514543544533,63.1119524759126,3.9258128392623477,51.28
39.08919399981326,0.295304651413242,0.3020038332133651,0.3990765223838684,0.6634895906911525,25.8478760935357,1.981412271453112,43.39737992072454,61.95363136858425,11.734229460418685,38.74
45.759131653916036,0.24453094187934576,0.6925942946143024,0.16177909695675702,0.6499991064197691,54.90395603186003,4.925718947241528,36.71452327994662,50.82385534741711,12.767861229647611,54.81
43.57215605252159,0.09236989767310996,0.42584781404070476,0.35862493596812317,0.7762643793878603,41.59611969327021,3.406031506247077,35.05948544375052,43.14585941551158,11.707189851089613,51.44
41.696637454019466,0.5220355402255717,0.7911891925530701,0.1279542362828063,0.7564169501286515,8.537474674091717,0.8626962989691427,35.09471268294783,27.48515993598613,13.372379857584061,50.49
28.978673910516864,0.5949026192299811,0.5562119218630177,0.28078515534942,0.8651983769736404,33.00267332804033,0.7583700813662213,28.043836378271966,47.36146895131509,13.39078558549232,18.85
35.45878276176458,0.07009931110259368,0.8404855920947403,0.1308626643432169,0.728583050986322,39.10033450979618,1.4186391745699898,29.08421760983233,42.325017040232964,5.805572166046399,38.91
44.39564991319678,0.1945895213045885,0.5697617488435096,0.016243338955264666,0.36069186720009644,42.611603476748314,4.008311938347547,41.19887587868065,31.407456624472154,8.612416729621007,60.29
47.829725935901806,0.4751454148879184,0.8546414639770104,0.05814012200337504,0.5381549548251718,43.12359520550517,1.9657170945459326,38.752644434611994,48.02659775681473,13.903152910615908,59.09
46.706973906602556,0.3110211199721429,0.5275950764641062,0.2114407534759916,0.39902491207518487,53.110187015761234,4.5751385851269895,44.539386703593166,69.86138074942853,10.037601142171665,66.66
45.014678029926095,0.06547317059362007,0.7840828312994523,0.19891440968440266,0.7049150203125634,22.450395189810397,1.9693911385607161,28.53919159778509,44.0705243693056,6.90025034503196,52.73
32.946465470795346,0.4296907272876325,0.42244000977765217,0.3321007636069159,0.2835388301427999,33.03753722190227,0.9682146902676911,36.9800906576512,49.86456491276434,9.70757223830875,29.54
38.18949370258509,0.16761920045284062,0.5241107448154307,0.14921215563771623,0.6995983284908074,25.610729621817274,3.940839924705057,35.24186567575276,35.60970278382814,5.284264627503015,49.15
38.7983762120182,0.5900725745352091,0.7383781947722992,0.17511578653538856,0.34709026635838414,47.90119105146754,0.47254896341632835,34.786786328442396,63.5476814072778,6.718120248850357,31.97
33.318990006915925,0.44001913713291635,0.30642513538619964,0.2619741307369423,0.5286214483994343,20.38825404266714,1.3564423065111866,41.99660975956406,42.85032763585307,10.861751187274733,36.43
29.837343737735587,0.33632888385871923,0.5553814458150348,0.18313687739735074,0.8121812838112044,50.36427015023752,3.976537641012963,37.90729233758631,49.36524822497008,9.735392361483907,35.73
44.2369369229737,0.6069513154423796,0.38705201422728136,0.36112728325603105,0.8365495429937506,25.07331190909053,4.5632009700451786,30.04746289479564,26.259395164400516,6.174401907128653,47.31
35.028852290657326,0.6623440268863836,0.37829716033860156,0.11248535743707158,0.6761207094086413,3.2009218817688265,3.6922738513020765,34.41698121258367,68.99865404394832,10.297011116356984,43.12
29.85255617483947,0.10730926950070305,0.8668355819243605,0.2736206164870351,0.5207045054667019,13.425099873761614,4.393470782891855,31.42645077041279,56.80056474141178,11.159892338544152,36.0
38.09829474341284,0.19494303350695602,0.46525076021884865,0.38605375931200353,0.7198535259908228,47.02393872190679,2.794877943040357,32.06367561657306,57.07959355002371,8.006815529486797,40.17
36.24859779236421,0.4626461423605988,0.7147322996775667,0.0972883183561407,0.8569980045119983,22.736657567883256,1.5014562458851923,31.317040942713323,61.187710048133816,6.2499748995927495,37.83
32.456396471277515,0.49595919625980545,0.7467233852866957,0.13577009958133665,0.9088095390285515,4.591751697132277,0.8381268957153938,38.00937953652834,56.56330879217708,5.008195874108708,47.12
34.367724940856256,0.4101580096540336,0.6615293744349767,0.389123221427623,0.5417726450158877,36.70723409411179,2.9745883900156733,33.39843319608874,36.387885926397416,13.854448660936685,34.47
43.80550534148473,0.14528180416349465,0.7630458885528755,0.07429137719581923,0.9253674830121252,38.671358141874904,0.6325675696439786,39.784011030803185,52.16293432516983,6.050554960327502,63.78
42.37521563496304,0.5318848924174128,0.4290440942667756,0.35049084433580147,0.40162041416636846,6.6329501506901725,3.0793656551723774,29.820199738137475,37.449882891991834,8.086236716581254,45.36
32.29992684840089,0.5070705196886753,0.582899538981607,0.33590449930011224,0.6359296959916082,28.139255012236475,1.4540304877317833,41.46511987655205,33.859195385396525,4.906740931677923,37.11
42.82385051458422,0.4483677678366883,0.2272443715506014,0.050903047313890594,0.5749680951407072,41.80962402111033,2.427684148120752,28.293981415051313,33.29214994000698,9.065200395442616,37.75
28.668566254238087,0.07816563974932522,0.3829170808194541,0.033400678154625975,0.6064596741450234,9.432503061747385,3.311452807526828,41.212830428228976,68.6732498688448,13.380883539652572,45.42
28.588192052463455,0.26411794047264914,0.6959360830988572,0.023920483709015717,0.4697844932535715,18.497796472439163,1.252859051931088,40.00422283041536,54.65936522609684,8.42592912841212,37.6
30.062777054605448,0.14729799591078502,0.46841477545358917,0.26235282074516025,0.6380594691840591,6.850219748332462,4.800439057983044,33.186101879843655,41.15376762023922,9.483557588521082,43.82
41.25376478206544,0.6706026642060077,0.33131378317433524,0.247523971589174,0.8216591689072137,29.46927234925205,1.938433643980834,44.74089501054191,31.34443031784972,6.93115433034388,44.03
46.00961493011842,0.6872483660138531,0.8193933145850669,0.020382810154965014,0.8973248747206162,25.264693953152836,3.3277720997915936,34.70268977584102,61.61506344760969,8.911031315873192,63.55
31.875429430415345,0.17023901159068644,0.5082637611093509,0.0019006179849922146,0.7196397161721935,18.39479384601657,2.8750368618293596,29.190060527834397,32.678996172221225,9.474310040263195,37.13
32.29443885171268,0.19875022552504912,0.3503735553078468,0.24914037977221928,0.32576841085209285,21.860730677354297,3.501856954848571,36.73240797491006,51.87763918489678,5.010883753564983,36.2
36.277584966326714,0.23652655879801743,0.8330283288409306,0.26211584610575484,0.6604593973538379,49.11020191264074,0.4809933741026452,42.24055170412886,55.50389639372954,6.319913537361552,48.71
30.096117997631154,0.6616982106603485,0.29933847233067534,0.10377541429235371,0.7183303846771023,39.927926770071615,0.971689782092451,41.84022973301567,47.96292711293631,12.181480137381307,35.7
28.856599981873792,0.46404374797132725,0.3050166579768718,0.20997961829332,0.21058156946338155,43.55632154850641,4.5177448168568075,42.261006953392894,68.12587659176882,12.837149055905476,27.6
35.966964168872934,0.6325193841815029,0.8488571567500589,0.38913437932721484,0.7762379261320871,13.503419156951779,4.735779853331468,44.101404935875735,54.975911376083715,12.287363196193816,53.61
46.88253890823445,0.11105865778485927,0.8047745875393395,0.02220145161485574,0.4543302891635154,10.03693341599362,2.499848443821979,31.94818468587199,67.84325707002986,8.711856003840914,67.84
33.56116938102302,0.06688541396526453,0.7429585025787451,0.2809510639887888,0.6091187342556452,45.397821945919056,4.232404988711036,37.99435623630895,68.46675063342715,10.636543371407928,45.77
35.228435851172904,0.051468076090004984,0.3686598717259246,0.30556820272585195,0.7324034408278806,20.213151531164897,3.2027982777845065,31.319887151043332,36.86324736710698,13.368897126829959,37.75
32.89975188597709,0.3666203604453444,0.4709111158511563,0.2918116149396423,0.9215870798681609,33.77034607179998,3.0375064972971924,34.20217559829921,50.408391938888286,5.831946396645659,36.28
45.3219234575697,0.3291386555891083,0.5444619395377976,0.03340036617037128,0.827832885054044,11.8575276596347,2.1709815621647164,42.28451430008598,45.60023230960837,13.173828025597565,71.87
42.30465659909542,0.6856990403151229,0.5847295460542177,0.2768735594575972,0.49491999470075637,42.06954166572438,4.5625954713139,39.95194463985899,67.11679201214406,9.063831823907716,45.51
34.09254776218311,0.5112578692564608,0.8173667652293086,0.2585264904515725,0.3747794154489372,31.293673965527702,3.8284996013667922,43.9691763528368,32.04682222842493,3.529965091598727,42.3
30.512223389252217,0.687278793128327,0.4970130570977914,0.21344420762716199,0.3703158359695785,26.354558423920324,4.926530887333855,36.30768157323848,25.39707666120188,4.910330363007567,24.19
47.78135026821465,0.18682050835160868,0.6306848614906975,0.030763332202165785,0.6330812318334719,9.547876477294746,4.129575313484757,43.97277478923816,32.78440636222672,7.552546023137888,77.22
34.782800141459504,0.09231354059434221,0.38518256961219893,0.39608946683572066,0.2334524504910514,47.66635314017088,0.5717723732197033,36.99294782899512,45.34539065923056,13.178655920247738,35.05
31.593640307592704,0.5366641575690909,0.7080036311702478,0.2796727081971195,0.21959533712928556,16.51790370969525,4.231496853700637,38.21458806476514,52.09877143294817,5.55099926485774,35.4
46.93109776036509,0.523040931254588,0.28880628246128626,0.3750827768575056,0.6367776138635411,20.334843081768582,2.1062693427180723,40.33187667599451,41.93226932587376,8.944937589423283,49.2
31.90749994611929,0.663756966057657,0.44932094000478684,0.16774990283076574,0.7238857759008654,34.656824648163735,2.3125752173080603,39.045614685113456,65.627273840742,11.603403399745023,32.12
33.16816817134626,0.32261217704346434,0.5876733991578414,0.017676327664593174,0.7773441352829935,19.820098069584624,1.5564611745968684,32.40796415905449,37.752066943902896,6.056177985893987,36.15
39.67130643800127,0.21621263984121897,0.34449699360124525,0.3305432760285427,0.2695425032572749,29.66678774244823,2.6986921961085253,37.76032571579756,64.8542552158211,9.486967281137211,37.78
45.42706166697455,0.1895811686666875,0.3688283171577108,0.13790965436606825,0.4936358113100985,31.755746256000165,1.3160606379024262,31.779868078934015,42.162548081563585,10.064277358553024,46.66
47.522334800805794,0.1815700320491791,0.4750014062998865,0.3858709991756242,0.7175065569991641,33.798483290745,2.7903010467264653,29.28367646231636,65.20182139671596,9.506062584981292,50.58
38.790006866436855,0.3047442347587226,0.37826528395262493,0.30212879413379373,0.5821756383212466,4.7648556790394565,2.1156535989063836,43.786261849788154,41.825255269338825,6.958796095106885,52.72
44.03349607631765,0.48449972650806283,0.7950383117860624,0.04558823481627932,0.8934444149889866,50.00394048539207,2.6919132156108216,38.62061804238242,34.576587259063075,7.375369255776667,58.98
28.43953357882039,0.6875869942825841,0.38140256099714354,0.23724332355913413,0.42518778765339726,22.272324250942614,2.109255481194919,33.695794432520884,53.682989170297105,13.531235245863273,14.4
47.466534481085304,0.48406820427410896,0.6249953365147063,0.09484154071956921,0.24719052942453562,47.3006080551751,2.955109106932491,35.04503566122299,61.538529493981756,5.7269645909278255,55.32
34.55927670811594,0.6485727711627063,0.3875768121197618,0.05502164702982846,0.7235725312620589,11.46805715936808,4.7569426413871305,39.14443691061072,35.38872975780367,4.505827211425145,46.85
40.15715825699782,0.6309284043370709,0.27715764339207766,0.3701568782316705,0.5900369839955663,37.757939649230224,1.989802263398147,29.005385474099047,68.10875986038232,13.935179949301784,26.85
46.877358595039595,0.15902208912501672,0.3082791147610029,0.029244736003668594,0.49345205568811307,5.719717009443157,2.0943545101419043,30.35263728704436,57.87375080078308,12.000351792036897,64.16
32.00988304872312,0.5484513253901712,0.3746501379232925,0.303795438787411,0.6255481811722932,22.069050847142904,0.6007634144770769,42.06766166671944,67.28438143592014,9.99101336000765,28.64
46.682228380859826,0.17649546052243986,0.7118486440187495,0.13972192777507783,0.5656380204242195,11.16220241973998,4.878941254676732,40.34433551229895,37.01087393339357,6.457660282016402,73.67
42.950674482876806,0.6517032234002299,0.4250080930892002,0.18900003531216783,0.644905679626026,23.453887604816412,2.620070352155289,29.797029693341734,32.54534744740747,6.813215086641739,38.9
34.98716091489267,0.21236532559325882,0.7200035545944932,0.37965206643064375,0.5443427127976606,3.4474576894935214,3.503116791082966,35.05603362747446,55.31404914772968,5.332598189950442,50.66
34.88992437491208,0.5081150226984119,0.47517929810643245,0.08766965586129039,0.5480051481005761,42.12212321151604,0.7732788166030689,39.75978457199301,55.03048107117763,6.448854556220856,35.16
45.89410598960703,0.25550496252134536,0.22176376537569017,0.12332192269803066,0.3535414569057824,31.457099530474824,4.609973221674342,42.79573767063786,38.762312004917206,7.143170402667645,59.67
38.88327015298299,0.09118918703297375,0.8570243163603697,0.34677353394090893,0.3606407198281273,39.36717135282636,2.926497835679999,41.62308111277511,46.4043448038184,4.301263647989336,54.51
29.6056065399189,0.4299821942594743,0.3488933638251203,0.2739745748494241,0.8210323712960814,8.695285922667768,2.1212890503132433,40.469866992191946,32.36663776834863,8.798284040428557,39.35
35.09587214478765,0.5907884782316907,0.5574607295326997,0.250797935976204,0.30565459752858404,4.204329075698791,0.4435931399599342,43.36664251936967,64.71890729117129,11.69109726994211,45.17
38.50917303899006,0.5674761153564427,0.6722684268790416,0.04620847747037504,0.8716558998593178,11.355484424454037,1.0246193283840102,43.31714669590204,46.807762259253224,6.474701911477602,59.62
47.62794665664222,0.12775979590667785,0.7298641941544457,0.133730344897651,0.2877869531357178,24.94053447835281,2.8340138130813006,31.501347841378497,43.237125659347114,9.628112305667486,56.42
42.46321188109701,0.5936629464093108,0.4863982322385616,0.169186910184891,0.5725191008413648,32.450375675827786,0.71994883634188,33.31480102131116,32.73513079196609,6.630233148129578,36.4
39.65461913361959,0.32909798794835504,0.5961558266565962,0.2676306221708717,0.5262150974678008,26.280909821150136,3.5667254210322015,29.03466391449692,49.30362557297549,8.567933746612418,39.62
47.652895046733164,0.5672406114114252,0.5526520288553276,0.06778127184287142,0.641195728724878,46.38354210905967,4.675587505497596,42.03027645139971,33.50358728631536,10.550910372191977,62.59
41.6203393325395,0.4957388266033398,0.5501136003757551,0.25479048885020206,0.4207855394172658,7.618124512858751,4.173031542777922,44.03345322565576,63.55700509196249,6.0069626453696365,62.16
33.60276775262813,0.5978429942764351,0.6590701553432512,0.3866776976411749,0.45701076382782757,31.676550255165402,3.992183463863494,31.977863026440808,68.38404885968495,9.108772069901779,28.62
28.503065512560248,0.6234404106610368,0.6516970694327542,0.30522900762554483,0.788012000717681,24.863908365040377,4.0333339814830484,43.93805156181315,32.74769984963297,11.169636794504248,30.11
34.42986006107708,0.31829065317365096,0.8046036639356597,0.008822426924019666,0.5254446551076979,38.36247777760207,0.7299941997561055,41.468311149296085,67.38561690538089,3.091217852923743,49.23
47.48194449892406,0.17860616651073202,0.25525777299224317,0.3808770145583601,0.8694670323571017,37.097724582122815,2.846868450980256,43.626955837147094,54.498403380014025,9.90075991178084,60.34
41.06491354584842,0.37738997657449036,0.47280504852891353,0.2012535571164963,0.5918589868153958,21.763257818149093,2.350968363105661,41.63182285867986,43.74310159041495,2.3067171996251523,55.05
32.63483728183397,0.5658283076907794,0.5145051409302661,0.11212421721405326,0.8080286628812186,3.9992738369438245,1.0364040451098444,42.0582319297286,49.77932774471812,11.283797294953764,43.03
46.83926977177079,0.09122598954716969,0.7594643203089304,0.28350645928793394,0.3552692005074194,51.448517849686404,2.1401690254706818,43.08937896673167,52.230116709921646,8.320975358491479,65.41
46.286552485746256,0.41183023978545996,0.20426468384777222,0.007313816428113285,0.7832244537635356,11.42069037567626,3.073944491015097,39.57839335287767,37.57145168268236,8.831765700936948,61.05
46.926308547359014,0.6091106016269585,0.40162995404822843,0.2115257963801359,0.5754746428654294,52.92120941340385,2.0913381448824993,37.557868428566636,66.79179676993468,3.9537326141186977,53.4
30.113458407236593,0.4513743056820253,0.4559782423709033,0.3870544292718403,0.5115568858613948,10.081757152168755,4.20319981245634,41.95473375418954,56.2686828794253,10.985741622610735,37.52
40.841070008455624,0.07471291628350586,0.3378231007230242,0.3729117790212347,0.754426472811994,14.994972131441408,0.734638829692583,44.13163056276453,30.048444972705973,5.084840576566979,64.29
28.14927640823536,0.25418760316372857,0.8819252101191337,0.13676132232374258,0.5782286596008304,41.78866076393263,2.8451844899802374,40.64105562600921,54.77361406857318,9.302756275988177,37.01
43.98328724156502,0.5116244066207176,0.754242444493634,0.05823905531341254,0.7082552995329052,41.32513944092772,1.6398388759848057,42.8678145733358,38.712022148621514,4.925985432517967,66.23
32.94039676232853,0.32007660058067,0.45754598102577326,0.359224729023309,0.5414268037159733,39.10406453140321,4.011386742290379,38.674360872701996,67.46625242462116,11.630090351072097,36.53
47.016236865153665,0.3909736416263671,0.21580412606142713,0.10400531186115872,0.66629719027795,11.15437492087071,3.0035266154873774,34.147166379228004,49.047346602622326,2.0224981744790345,66.26
35.23850975551056,0.14110298228066948,0.506541099903556,0.19447091739553365,0.6780520328721418,30.277246898318545,0.4089131939219007,42.815709475322,45.54290193041326,2.923853270396107,46.54
41.203088375661366,0.47213455229999407,0.49883980121489274,0.16419882504839536,0.6022539772905071,5.63090947075337,1.63499726824602,44.79420095056035,54.79866201076341,7.027209985007865,62.7
42.90418723800467,0.2191887013090244,0.3136590726924068,0.06180596009371491,0.7469474593735492,36.4261332230133,0.535069276981907,29.955727861157442,53.52310903091097,8.853393222465908,47.89
31.56077816726524,0.5222821390411585,0.8552675271313848,0.2404201258141765,0.34709751473208794,38.33628047477354,1.846792081021109,28.837891688557264,38.60524129086243,12.867021223401583,21.94
45.293306760621846,0.3806285732898145,0.5618845922717199,0.0020865284259577346,0.677828054966729,8.606319941581852,2.497992390473861,32.42538654618768,42.65723346231917,8.44492826800161,60.85
33.69167166543246,0.6932477572897121,0.24017938807439174,0.12775739526294735,0.4410661062234862,22.728067888503652,3.486948408523258,32.2116445776104,45.71212048612237,9.738362802229389,27.27
46.97545161006509,0.6867872127127428,0.2837714973812578,0.13752795376032406,0.3559790523548565,12.713058968969989,2.556703224023742,37.58506083829294,44.154341826891965,5.270658477168329,55.0
47.84256312681462,0.6503902930936628,0.25312918869255,0.26262026079845024,0.5426582056136333,38.81833305435642,3.065411386594657,43.1172908014011,28.014474142997127,6.195174944692466,54.18
31.645706979812335,0.13276673567932068,0.7102804042004027,0.3109740640069854,0.7042051607559952,43.362183095516116,3.5298635460472267,30.308101598916004,52.36998538653282,11.322520190714389,39.38
32.92470485367416,0.13282999461005007,0.7467633105078058,0.10261933801426615,0.2239471087406655,45.91110530976382,2.628757442292128,33.552763251283174,25.51430973541971,2.4239293364953722,35.97
37.79411769929729,0.1473193320426991,0.4509539390743127,0.06612205901500916,0.28466116488529,17.36800667505547,2.8376410278195077,31.57011233280786,40.46519865781452,7.7351706074775155,45.62
30.572555982425794,0.07526266309832731,0.22482110886425727,0.14007160721114695,0.7391015589029921,9.825275533922074,3.9775045585492426,40.16646325833523,25.177457089852503,2.3209744757821413,43.87
29.1224182210117,0.3953730184256988,0.22773908302089105,0.3210583351981591,0.5697215517093579,40.85362706696883,3.8033722444920377,36.61498697439396,66.64132943140598,13.882889286263698,21.72
30.51728280498467,0.28610481612111344,0.3563477279099891,0.21240226682470006,0.4837907009393011,27.983369542913128,3.8633003651648075,32.658356567211484,49.18636260878765,6.021934991944261,28.74
40.79073264815393,0.05552807483189698,0.6620359387736527,0.06806480322663293,0.7433553426522794,32.50161067596382,2.1271168530712385,39.79912929652339,63.54669786409511,11.34492456634488,60.7
42.453886405190595,0.31904446035528977,0.7523182850941901,0.33162075664912727,0.30297037765729906,15.377630698885206,1.4959459392759602,30.823389222695557,42.664075310383936,4.316398537395347,52.03
30.03230885795232,0.22544744946739165,0.6658644521624497,0.1594180492533397,0.5160970563900558,44.49211315383624,4.925655455796735,37.60615231532162,28.55802271586235,3.234835690683631,35.48
41.58469825496943,0.5391049269169825,0.673034630379879,0.07184704067806132,0.5362716206185716,44.50018275620701,4.358542222121952,32.03470375068832,51.818280587521926,3.8852228328614404,41.98
33.04408577984975,0.5223128335925328,0.3617790609587981,0.24642157715141666,0.6944482302669923,20.07826137964714,4.1304025540450455,43.051305270206655,63.47814686142978,5.969578633576608,39.17
39.18981509738448,0.4352084109198075,0.5341975596809232,0.24010445918754866,0.3017406185268125,24.260056122107677,1.0528244575421408,32.76179402651424,30.75165411649602,4.54994726266424,36.99
38.9967292435534,0.06536802703295275,0.7519671386614808,0.36378735837179627,0.8603219568369782,45.79687790941273,4.962638925444497,37.96883324414486,68.31644328317071,13.38613079001713,52.44
45.26867512111741,0.5651072326132052,0.7430591441807599,0.3585123085167688,0.4881425074402308,23.802858226143858,3.272251084177455,40.542677142843814,64.58816961959266,12.510143847911383,56.73
47.13785555643045,0.16610860231505747,0.8652378930260602,0.02567659281344863,0.6167164108939387,7.690241764422357,2.926404680951055,34.63186511174723,28.67242441760741,9.77740166029026,76.02
31.483708272399625,0.5013838675506997,0.325333284403413,0.0549585797261106,0.3105224498935593,34.15208038562542,3.9381958790076954,38.14719292505483,61.42081538582103,9.09772809284443,28.75
47.53045002266602,0.30412387517934597,0.3049595238488263,0.054158724681983066,0.6481081974924485,31.449359424477784,1.0843298170017477,42.995784365350445,68.05367658043848,5.03858771723962,60.46
32.27843704615094,0.3018239942993836,0.7972590227092624,0.23838424397644717,0.2506650737995024,27.594912428947495,0.6335920785348443,34.90563993814348,43.158406403649266,9.780231988515748,31.33
45.49509564678172,0.06057886873255702,0.7417991754662543,0.009063336382336695,0.4282173713572745,48.7424831853373,3.5139880240501844,30.923943532224435,47.08530448503743,10.66285017173583,61.66
40.686423984364076,0.06603901743140274,0.5497913017873985,0.06118465566833109,0.235834662856191,34.122553003442384,3.9292251320500373,28.613029443438872,60.26151719344838,10.476654557738105,43.77
32.89456745431401,0.30583704607072887,0.2838255790450533,0.0955563800937866,0.42709225360807257,19.61070525591288,1.0401914628646967,31.20810056720944,65.56616799064722,11.40672337778727,29.88
46.95287078961921,0.20529976331501054,0.48477431741503546,0.3254101245738283,0.5321647776527201,15.20051679122359,1.968970244583144,36.51225823036958,52.92899726471518,6.867277994978279,59.29
33.27887225602851,0.3979757439713175,0.35361936363868246,0.34701048724323036,0.7605253026997261,24.33450739753757,3.786693665757669,28.11893101075934,40.50201501890785,7.283613777761463,26.79
42.97462955420678,0.6758248279151139,0.4659979913099621,0.14023993981114988,0.6578864199352972,17.625187937962103,0.8784816023129083,44.34619479836738,61.42884805640599,13.501994636289535,50.29
28.356184299393412,0.33422002422976915,0.8535262740941068,0.055330135548703564,0.2878891421259488,6.585544780783787,3.8720863948734787,41.360751075170164,56.29192250485588,2.639502141468033,50.93
36.97257616923375,0.15263137425879322,0.40658820733922146,0.2004587359731844,0.4472386042022608,53.426959790562805,2.4787603601945567,34.326558674286446,55.29244430356165,9.806540682270978,38.34
40.36947396601486,0.2084498335998719,0.4626635491115451,0.28253955629393773,0.6180396657580218,22.17006749606504,1.0035696888181955,36.59319718321181,39.371471057824145,12.955133700896901,43.53
45.31927988340825,0.3036176685142823,0.7792060146515722,0.022614760868831452,0.42358926917601125,7.065148518324368,0.3519208674313948,43.62065817049302,57.259093497985596,9.501320773621647,68.21
39.39108072433684,0.4651487479011947,0.7786058563180722,0.2387554223182113,0.7614355723331618,17.610858695146213,4.888456341519066,28.54225254342949,42.3959467874792,12.584594618044447,44.37
30.82676185867316,0.28752999848494376,0.49973629036177925,0.3733576242646911,0.8270896510316157,27.132661159906736,4.870280484231694,38.91873287070409,64.3146429391851,4.952683765841906,43.2
28.594344267128665,0.055772125623191754,0.6938172546576251,0.04731744898624029,0.6108561778331132,39.19238907492104,0.35472601390226843,35.62860378547659,55.786837164362794,12.6767718542582,32.46
47.48433059368661,0.5989519747788032,0.655444550457298,0.15677020289845248,0.7333327821496238,45.44204999165838,1.655839399455475,44.8781111034195,65.88787163895876,7.826017284115071,66.7
38.480177892375636,0.544604858928067,0.7788875427145869,0.00928902206281701,0.25934902227548695,20.496305625589805,4.604545436635278,34.77065091343762,64.9380496840866,7.549206951581035,42.54
46.01290366124991,0.4144359997971403,0.45233900652102893,0.01776280145112672,0.28319984933616793,10.244137037359586,1.95121419397091,38.324660247653846,38.84155514898684,2.7863316051776024,63.08
36.1736330179922,0.6949754536370139,0.47509083332565705,0.035678167498977585,0.63583611085545,50.821283776567064,3.9761393545364,42.21571125618302,66.77043082460486,9.638522040626455,37.4
28.665631397593017,0.5926457894933155,0.7999074686655832,0.366680156304786,0.5586270932268869,43.9633080282712,1.136385915781663,38.253213828029644,41.139031856355764,9.154083807943707,24.78
34.941373334923576,0.19055489454686675,0.4251815362015343,0.265582898042977,0.7076556752546079,41.54848067325314,0.8073757211489887,41.91479563432585,55.966651069342994,2.36606092028767,44.12
37.33422511812954,0.2844013687514296,0.2821918217458892,0.08293851380200282,0.21842104618259942,7.840012390333268,1.4782405650778148,41.93949451580742,48.69868794717401,7.093974688293272,47.69
38.8302112065001,0.13548405239115704,0.3558363546769327,0.08900894439624306,0.6499643844592566,27.004467041846013,2.0604083002920976,37.4628659389904,68.65521036021508,5.770321472670521,48.55
37.60740031288231,0.5158179706347991,0.7112031875880411,0.2916282885652162,0.3511396849540586,26.352843090781764,4.09363851693986,34.486012899190946,69.2914802780468,6.3774409015063895,34.02
37.49051189605093,0.3318814716050076,0.791941957823735,0.06211009501920542,0.6257485298104872,35.16728202248203,4.28586227873298,38.356402718743844,68.20091565045013,12.466012547131147,45.4
45.19812890581669,0.6730105791607461,0.3800380266472104,0.24408352266576339,0.4113529342566017,36.777498512275315,0.6494854618257051,40.481196371773976,43.89189228679042,9.047686144117241,47.54
41.90882910420657,0.37239438018790816,0.6376757053814894,0.12626718895046962,0.3093651300660608,25.642304983799384,4.731099782174544,31.87249845311469,55.41275554158632,2.5981225284144966,51.82
32.76874373602986,0.34348608914906603,0.45742717041634184,0.045136137326942195,0.45918646438383176,21.20649783124565,2.7061070673428076,44.52997605997979,46.150788512978366,12.973113867591607,48.15
30.15086601749879,0.1995993819293611,0.4852623732403202,0.1301475091880739,0.8493719656493688,38.28957131422067,2.9758805692096324,36.350902371023736,42.87717782300801,9.346309277984137,29.16
34.062327067934,0.16127000069969835,0.6739691033173716,0.00990732856249812,0.32013311875006256,49.935621693937776,4.988207111466017,36.28903812307758,47.29165328597912,11.280785146849258,42.73
36.54042963801956,0.11488812317972388,0.48064846785954013,0.39352873645154995,0.7652249606025208,54.22238553563133,3.7810334032188884,38.337871220712,58.939937481725956,9.909100075651816,41.09
33.8509266801042,0.3881157385673306,0.38094543173100137,0.19467053857685812,0.3096015544408145,32.40054514644213,1.3773617158981029,32.991337767006684,47.45626638020748,3.950315036258969,25.06
36.93888630785752,0.2789814992573882,0.22043762356480667,0.3373017452448932,0.6693754364797883,24.653068051747457,1.3785574368246833,40.66733611748155,67.54635590837502,6.569716467824243,42.92
30.183894945454746,0.054135282017025846,0.7207688085402053,0.3925581543606682,0.944613314565176,43.77825722583213,0.9784821358210092,44.62106075052307,39.75160493508779,6.003435313910524,44.08
28.980983741489027,0.5867503244399135,0.8981080935414207,0.31002791123596696,0.7862573684054999,23.29631086946065,0.5164226672751532,41.4753463819852,51.872113910716024,12.912064269465013,38.02
34.10246126188217,0.28442649992020114,0.678295795981284,0.31509806524126205,0.9207653064383152,18.36117223285603,2.569454761108387,28.492335811382073,36.38445451489996,6.4880420974356845,42.64
37.41690987198348,0.2869087888550482,0.6368545765705391,0.3314462708468002,0.3812608497385919,20.82954572154144,3.5836335184976957,41.22499017889501,62.14285922805913,4.511974626764344,48.03
46.00022197050569,0.30476779580946955,0.500918163155089,0.39392917756027435,0.2847894845243791,39.69130345200507,4.280883809796281,30.563489782778298,57.15039562032568,7.636858664125307,49.49
46.14904633671812,0.6171151870504726,0.24506959630530895,0.3027421107259897,0.8911456812393721,35.31011891488841,3.084205090296753,28.765091585767887,63.52148599926723,2.5568427299499383,49.03
46.51726130574431,0.6673343427741829,0.8943303783331458,0.1905609142451545,0.3330721597857581,28.373113315112363,0.6911020403986363,42.83311385248949,50.224175496992714,6.854070790001064,52.75
36.10481353633261,0.6130245454535708,0.6923841527340489,0.032982207004386636,0.3199303997946319,23.40004151679024,0.6866003968924095,43.878700263885605,54.35314200838941,3.1378760156473406,43.44
35.368118571438856,0.20916591895959352,0.5989894593577838,0.0053488532482165235,0.5490482450781913,46.87785964094881,4.6546764607307285,33.82342997507948,53.909646467426995,4.721881260426002,45.35
33.08055452306378,0.42138173060784434,0.3202054821052617,0.37649302270429735,0.8651881073054688,20.519748971339673,3.9279818668397244,29.623570222447306,58.31624089174408,5.38950955535245,32.01
41.563824358072274,0.35537443158260296,0.5710977212113107,0.20821191365516833,0.24458598657951466,5.671772952819206,3.0856040189508653,38.60569892004208,27.122855043180156,6.541271982653813,52.56
41.13361311506153,0.5883792435297585,0.4945125985178166,0.21930311245878753,0.633920281706613,19.22635473161659,0.4583619317197357,28.071840745486778,62.62564372533362,4.402781870268637,37.45
39.54094957287839,0.3097614998813373,0.7834453160904435,0.27936063827735164,0.21705609757937971,43.38809181454761,2.633594326408459,33.899327914408396,57.70980954302551,10.232787555755232,43.62
47.660777429957626,0.47166051636263956,0.6240457987177255,0.02795214539270883,0.4094890852585531,26.242648120974955,3.2270033806864467,36.71698172241642,59.336482006212606,5.150812549614823,56.56
44.33194093782325,0.5472824841289196,0.7395926092116234,0.3554028229048662,0.26313390686036714,39.25396171145336,4.849655365359013,37.75206104786715,34.77923403929767,13.985045669290555,47.98
34.71115394749719,0.16184042247115904,0.5251590081250478,0.16755040384438333,0.5684306723829295,51.25513680288234,2.4959570520042806,36.748647545631954,64.90069476633107,11.813095928177987,45.67
28.258519104577005,0.45917473493133315,0.791394876686264,0.22114004504416004,0.35838269000963385,41.55046471511595,3.413788556534096,37.6055531359454,63.85012783094427,11.410908235268394,23.7
41.29517338046436,0.4804317122938786,0.5676153214415948,0.18556865785753882,0.7322003446240397,34.74571303645202,2.551906699042607,30.153243016487707,56.58679548939245,9.751982846935585,36.15
35.12646332430153,0.21036954968791394,0.8733406794555132,0.3440805451474891,0.6207867720591627,23.88596362104274,3.736761265742832,36.97137899414195,68.91329652618012,2.6614713670658547,47.26
39.37222035946746,0.1821314947477894,0.6230129144851346,0.31256921141887095,0.30358232088865467,25.911627657855455,3.5056020005569053,42.17568070144051,47.33548405163607,4.473843042872259,48.17
37.09034137449999,0.5517515275529158,0.5889032449420636,0.11176913798817233,0.7657946897908912,29.922844674021903,1.052223450935972,37.57222949341391,67.67440269306428,10.466195131252833,36.95
42.21746350585716,0.23369410215141628,0.5798821862788832,0.21063830551502113,0.38554315918385273,21.089822393750538,4.722470982973019,32.260175119062374,61.046216963394365,10.00844696014568,47.47
30.75029738930327,0.18297098925914557,0.32528433651328276,0.23471770358950095,0.9300373975388585,48.61644166429973,0.3212090380619708,32.65335261585989,32.076585652165996,13.708134102774821,37.76
32.02626370077588,0.45356894082846844,0.5893306085023505,0.09034059351249396,0.7027736484029317,8.044374987323835,0.2929715169482824,29.401051442007898,41.41907016890977,13.70019593449781,33.42
43.094522060309345,0.2589722389505136,0.7035373458383305,0.386472479248943,0.46832066771153996,54.9510906062213,3.2643677649519973,40.7260540119003,36.347525748166746,9.717089230126899,54.9
47.12805290954872,0.638038781063185,0.47767081924755406,0.3787479006152934,0.8636094145625073,33.69996021919524,0.5941659621897933,30.733434091212143,28.459341010321012,3.2959173757887323,50.32
32.24334598432304,0.4990554785214309,0.6455697803779388,0.2524579459412015,0.35502799969702237,33.1260229079997,3.2025840780077677,37.696890382966885,33.37731102740554,10.676727164896507,25.46
39.824000236392436,0.3335685660608536,0.37520061519315157,0.3229555956104555,0.33191942500413796,51.51505151469345,4.445912135941698,34.12998830175541,38.7318818886367,3.6498402010268256,40.69
40.55063717646544,0.07065932839321205,0.5576995901931273,0.03431957913175476,0.6303130137146313,29.46600935268225,0.5976610184130656,41.86963008298514,36.804272972482494,8.497812370000387,58.24
47.24609067150333,0.3709776003718998,0.8421210406015465,0.14194293653907955,0.8430779012374963,15.26296380147367,3.5959028596900056,29.50640389383494,69.37226605076467,13.447236798348417,60.75
38.47870435980507,0.4385536605067143,0.392526291782769,0.2697885740820651,0.723921459953387,30.303977600914333,0.9091553239290451,43.6261610461572,30.177028705552686,9.550066024526137,42.65
30.92201418265845,0.06334990411873885,0.4543548586997317,0.25583302576881517,0.591158164799654,38.07603586492126,3.440090532180574,30.382953647902056,27.5801831539772,9.504297685216038,29.53
39.13407470283409,0.20974560311064594,0.7675356518875778,0.030274406198502836,0.6742338419910194,9.261399865727352,3.3413490388795024,35.10133839299944,57.31463749469521,2.626306429723216,59.91
30.897557977601593,0.49354806054680783,0.2839689419181777,0.02943332918077033,0.7348420986377093,6.303660597550681,1.2777479260712772,42.020498351136425,61.435973851370186,12.249509093369312,43.68
38.56096057500419,0.5526757791939988,0.29588986050775634,0.2897563516862873,0.27311476204599094,50.48903164859712,3.259088876055804,36.38619031572585,46.81281646002239,4.176344574138925,38.85
42.542473306342984,0.4016133535553525,0.570514342870184,0.07809835781823177,0.717771733965263,23.385762855190215,1.0772160245049638,44.0443407771376,47.805943608952234,8.336439770148385,65.84
35.32812274340987,0.6629634449655922,0.6864477527948359,0.25323825309792,0.37581372645686045,5.691294964165086,2.301362423768666,28.172906353927328,28.195112984667254,9.143921068332476,35.63
31.35896663848554,0.5261252682379529,0.8648080786163261,0.29727043229047867,0.7885364146812746,39.43705417395533,1.2787397141828056,34.135129016649216,67.71701332464178,9.934526947641425,28.6
47.37389237689355,0.20043399833323272,0.42518066712858743,0.25792066113379986,0.2182681053380055,32.7033920213527,4.081704221669594,38.377537355010126,38.29269777532499,10.68924900003274,54.96
45.89546938557034,0.115594770176296,0.8044437936337043,0.199123771094493,0.5214852526158513,29.034411549922428,1.1609902548460218,35.78065485249983,63.237391715439635,11.611462906625588,55.12
41.46841956258123,0.6069442222275264,0.7738373120331665,0.17025297731887257,0.23606963025958688,51.42080999463496,2.1002485560706976,34.13660283335784,59.178172501546584,5.1676665859042705,36.36
29.521031216386312,0.531462280465537,0.8760526433090721,0.3983075187496694,0.8928532700481246,48.279645081128095,1.5386250773971049,44.43302216470599,66.75534672164588,8.412470084302239,37.78
30.185345071163766,0.43391215058633104,0.6903821639655383,0.1615986332726116,0.5045221704728988,32.8121923171438,0.33336366035437665,44.28372023857473,38.04575681935192,3.6906903412265613,36.54
45.13783082771427,0.6110847942697849,0.2667146231623971,0.060896521155520404,0.5359266734433259,12.65661699944841,3.731941456816433,28.98667567699728,49.73691995736397,6.593498781366849,51.9
36.49514235391204,0.14955346864752486,0.3541970397159936,0.02592307956417064,0.2864641814743034,53.850530765783574,1.5429766960508093,33.219434168772594,30.719784869445448,11.061970453961017,36.07
43.795010741333016,0.4482002891322116,0.7692630409274033,0.16169209317314337,0.8446230163105155,44.52298018118546,0.2082782924303313,36.29250029359779,36.90774592356518,3.0347949964123457,55.7
28.158993686022445,0.5246062763359841,0.8917344846980302,0.19280790668249428,0.478430397456076,34.5033136326851,4.062549572708826,32.08428389417974,36.28156431190913,9.286136169042162,23.14
33.96879951517527,0.2948905310988585,0.8953333110222026,0.07048886608260632,0.25772612628147806,33.667272421791516,0.31648154442383836,31.067364931671985,52.999413131071066,9.914148808295996,32.41
35.674960924587666,0.42452842987420136,0.6503700271232671,0.3213928185166603,0.7945631211573856,37.56963980677729,4.4923163994966355,42.24642931112212,30.99607036980731,13.4801532958818,46.54
34.418543590159196,0.06311987209457565,0.6227831627308011,0.17536703074655524,0.762174996939599,30.279187754448373,0.5671540892045446,32.15968614433119,64.71356902569383,2.452276348580601,47.7
33.838870159028644,0.34421587197762304,0.571703802338126,0.10003254292288043,0.688970332248247,39.05899534108956,0.6082855024197205,34.35676028947415,58.49697855428312,10.659650718093582,32.68
43.55349559736028,0.11996918047589811,0.2827478874911711,0.26299572011853795,0.7200004009213465,45.35539647669565,1.0689770133116339,36.78511821032879,54.73740837110121,4.684394885948181,53.6
40.76890048781192,0.18939218246049222,0.46289438717509895,0.0865355240542832,0.877207178321449,15.313541860359571,0.7800062047318255,28.597640295961444,27.02290625851076,4.299034819601803,44.0
28.352997490222453,0.23638355109214565,0.24071682392630955,0.16146350811966706,0.23643255337239322,34.59217238428305,3.5044364744912735,40.43273834394398,35.09545293908148,12.42200194354092,28.09
29.133004385996408,0.33649836065592753,0.7374295453607369,0.1243575706880919,0.4861690804304486,35.739399019420226,0.46630822455630944,44.4378956886346,32.851645477437756,2.320063995755124,38.1
35.99108749998791,0.6247646875589955,0.7738334554525503,0.364818319299878,0.6003367394966743,26.334804161508544,2.0521326853126136,28.7891072884522,65.92845653373192,7.954113107416729,34.8
38.30334974028234,0.5662004367742303,0.35712976018779474,0.2839602715979693,0.7330773056405246,47.17674467742551,0.24168127262657607,30.896724234997244,46.197108342014,12.20648464953774,34.43
39.89737229358803,0.18788708402496307,0.32920928707725194,0.255777581594507,0.35755186029455344,31.76054604388608,4.20709725989073,34.62693402385553,42.03124853838681,2.433684042692885,45.33
41.96382919238549,0.28425430933592766,0.31080924210294536,0.042307093504130845,0.2712900336130317,37.27493852213055,3.1405830982090337,36.814857095235446,47.51469016716128,3.837642232254459,49.93
29.1987555320076,0.651807998091747,0.2406192878018248,0.1694120779575674,0.20042829230237919,43.87982281672872,0.9976169049710242,43.72357230296853,26.978998653725405,11.849448014773122,23.48
32.99471437771781,0.18157274599988665,0.45037455336391563,0.331361153270142,0.8464674112515918,12.11483973526494,1.8965505904847872,32.037353526338315,30.518928143705406,9.757392650347136,41.2
32.50768089552668,0.6128985527762846,0.7238225516324965,0.309504459478537,0.22939691838746012,50.586783360015446,2.958744214276329,36.56464767963682,25.47634057125015,12.771946525209255,25.24
44.50306924681071,0.47608212447989084,0.7576855294576164,0.27717269942312095,0.8907229267518699,14.725177689656585,1.1700805027179544,40.11320655306707,47.5627660262561,9.18993404401844,64.24
38.94856394000005,0.5620007409830275,0.4232071491550967,0.34359617743987686,0.2807572646942006,35.968206801981715,4.472636036128629,32.29580017432898,39.70756037157608,5.665301341912867,29.88
36.25743631130297,0.12017353524668653,0.8239010552295221,0.08187065166346966,0.6005600082413973,33.9298545887376,0.3956088495082002,29.627109570123732,68.72603696932983,9.974148081792588,38.26
43.88398441305998,0.38055282603036555,0.25263970045493295,0.2723008392191165,0.5745138544013514,13.655829657768008,4.412970906026334,32.95345759110432,37.80504859539885,5.273282981507345,51.26
42.12237340761064,0.6370446955557323,0.3605374537089958,0.31454583821712334,0.6297841823960719,19.051339701938726,0.3701798355572031,41.92210834746887,35.848211718101034,9.580916434579034,48.51
28.088990772935677,0.6963233594608456,0.77003054906009,0.19458850825467283,0.7102560276817873,27.782900302720176,3.7740141021379077,30.2835852789212,45.08579478553136,6.026446124874321,30.22
37.00945305720728,0.14301106735647628,0.8835419994963203,0.00619685711525122,0.20755470861304914,22.418948563750206,3.177806476864724,31.05410485585378,48.99373017568725,10.673263615561746,49.74
47.68844816031867,0.2688554210305413,0.6496907896510742,0.04428794327463029,0.7321147915409949,46.703730047249266,0.7053686831869874,30.139673624291127,37.64713364742525,2.1432297845039514,63.65
39.96768149905299,0.4449331424763045,0.8712735187561451,0.33281170172777086,0.810682198226262,20.654123234884533,1.807344288630298,32.959545316814996,40.6013092799344,6.434105136318207,47.01
35.118957254041874,0.3403855729090729,0.416543137122661,0.06613878726301912,0.48005779863387327,28.007204207254663,3.659496256002216,40.09104194506939,34.121276398749586,2.4398647420188455,46.64
31.142726097179015,0.30726251149020106,0.885542283406823,0.07242854836208838,0.43915545756722674,40.705944448617764,2.644077357737224,28.746778440747544,32.276050817259474,13.22299465727835,34.39
40.70185574419411,0.5650116717465925,0.38580734390744675,0.29003120125547605,0.32742138427263523,17.8070142913571,1.6967457482441957,44.9393948395918,34.65575328480808,3.55048957560302,49.22
31.238613876407054,0.6215319477591135,0.655319639352683,0.23074459922820753,0.7635040336599326,40.7519457716986,0.7305257092079058,44.99092387691371,67.38503769019279,12.759103554342994,30.36
38.455826626646285,0.3985810795230843,0.2104558609597627,0.19978780077817718,0.6678271757449399,37.25272285629732,1.7942694322463022,36.01179995499034,53.633977299815854,7.139666123302181,40.03
42.108842197040005,0.050827935063078825,0.21629563703757712,0.2761200813873498,0.509483823159127,46.652489359037844,1.0304739655340578,28.235057538888963,42.463705755117054,10.832769251689388,35.26
45.67307758702111,0.3646484977591402,0.7689720982374566,0.02813218314704562,0.6292042606886625,51.063517476752445,2.102648707955552,44.32171070427297,34.93082935280974,3.2676057144007222,67.47
46.144937439624485,0.2523314921840837,0.7601122235792666,0.06767890635211238,0.7591777970007048,31.965400952146414,1.0400814818929867,40.207483240439345,57.11902510553923,8.185222749721284,61.28
30.645877844899932,0.672215781498863,0.6590687767814086,0.32369659342935364,0.7227278967876811,46.132630589999025,0.9799559347948326,36.448153817299755,55.0206146726032,3.2406787987426156,30.51
40.67965188501893,0.614658772764983,0.6622913252591183,0.01448192538243025,0.9278246878177423,10.254358847124744,1.3162987210519506,44.57444379238031,59.69648484940187,13.23892016454208,58.91
41.034689500064005,0.23495944926095386,0.42881700918966775,0.3789084292177479,0.8454692121167335,21.693503319000975,1.9916836045793782,33.060804634690044,39.67585641812518,12.328009595465428,46.86
36.721052422190496,0.66284579104314,0.5798454486279662,0.1801783160575614,0.4342773535246911,6.843456752819,1.2775350945320616,29.537792968926812,30.70147433719427,3.9621985295152378,34.59
28.22033359991071,0.6675935256356109,0.2866733648738822,0.15325954894383484,0.8596456697860855,8.541534449919638,2.52130040841978,42.36132115820373,50.06331808153631,4.524123145073121,37.77
41.62682125735016,0.28542083925550077,0.23240661310696262,0.003145875958437561,0.8190446623453786,19.720982801071564,0.8612955133083422,36.8153708447707,66.43749830762906,2.1017703742687726,57.3
36.34089865170145,0.48937783939079116,0.5332703211369352,0.3590193753861619,0.23306341665310862,20.687325221474666,1.8864698690658595,33.78216284176781,46.94586604555258,11.486924542335325,33.56
42.88966413264405,0.1452025563313964,0.5925073989437651,0.15003521026621805,0.604408101721678,8.60298701935697,4.776621664452361,43.40563998563022,62.187833693078304,12.713393880656621,67.36
38.07443546039332,0.2566409531917402,0.821170158912911,0.07577507299978659,0.36495901635647926,38.70915173046056,0.6267183636208072,40.45024200758287,37.065727974135505,9.931224383205768,41.25
40.19222746469981,0.18824442663597085,0.23441586787745164,0.01784558867802635,0.2666089115105059,33.15053144842523,1.8714456993951256,32.13281861573027,34.868795100873605,13.382978382837187,47.47
34.09628821545309,0.3564602203124755,0.2003146682519788,0.36838127499028983,0.2743239430700779,38.48847123568097,3.218554290379944,41.754085536780536,54.31244787529686,11.232649006591753,32.6
37.77408989103246,0.5060803664068726,0.5978987047385358,0.20461542010668798,0.35416880454091204,16.42162956193152,1.9207867570850887,28.157834552199553,43.781355231110666,2.0332217091669538,32.27
42.08057537944698,0.4153966105498321,0.6854639812434131,5.267422482990725e-06,0.24458147996323218,39.32004692552888,4.053920710192498,40.200926705119706,54.835550914909824,10.48859196573872,55.22
42.487549967351384,0.5297055104974208,0.2518137951906266,0.025308620597849885,0.47083995742207924,30.435029156537375,3.860571458824293,33.69003291944721,37.38026844851357,11.377379697422354,46.12
35.18947045744954,0.31069914612715366,0.40965731311535003,0.0013427655548050588,0.3766319433659359,20.557985061701434,1.705399493727981,41.35444344011252,27.131549314141285,6.6673843958628884,47.11
46.61295132258019,0.5636361340702126,0.8875131194666095,0.36406421267840744,0.4368595790870633,38.96233744119017,1.6714596198963603,43.09959019480361,43.48387914853036,6.510650502850785,57.41
44.73480575239709,0.6781688096867959,0.2465416599021128,0.09733555121554396,0.4256433109002843,25.06630716964763,2.471024220552973,32.955031277134545,60.57026904152628,4.678929733820677,41.23
45.03536631184195,0.44240385545373107,0.44791124812497457,0.07515649687866054,0.30075964580277204,41.6970864357512,2.4518335884008766,28.78743236984525,69.27277781241791,10.05563819586788,37.22
36.76377342634023,0.6710351035252161,0.3396675146468891,0.07405444917552644,0.8677510510777691,49.369287328297865,2.5952935303954026,30.138368041017635,38.73474061914724,11.049828056413613,30.14
34.95309495489634,0.0898018931809641,0.6660086771009464,0.2957988165753174,0.5180110068977695,33.32107580412921,4.9393831881156,32.16497618911421,50.78399622096629,9.331524962751711,42.57
45.38259115887591,0.4432548957493756,0.555523015673903,0.04920601066446926,0.7274068994700691,9.86958279772442,0.3275354881482736,36.30502977207885,50.760037246647954,13.98864873648656,63.77
44.97180640455154,0.27515222536999095,0.5562402778059772,0.3897075962647423,0.5130414141070823,44.97910208972396,2.724747765173581,31.80735147601109,51.11883867448972,4.616744340443859,50.51
32.71792030946686,0.17554349103080874,0.4596448240396036,0.3554387615237153,0.4908898051990069,46.949756629531535,2.8669424966315904,28.12944997178364,33.49315208064468,13.175336542496437,35.77
46.590937171445475,0.2515780131972443,0.70159366479792,0.308810063958904,0.9317747020521916,3.9451771247859564,4.7707386325915815,34.657033699270805,62.70965825851901,8.536555018653008,72.35
35.187557763729004,0.5885071837458283,0.38480949958648336,0.1968965544714426,0.6201308740756066,41.611096858229395,2.463849617799378,39.56480928027139,46.838234335658896,9.911847643503137,31.53
42.18883121058488,0.5851448660092119,0.5785057926719421,0.07731126554795731,0.7097306312142915,7.010140341592417,1.2509841078136832,41.46667798730159,44.57815649485297,7.976530011814605,62.98
32.703449716978355,0.06270928719835746,0.2779608266624909,0.09780074386433185,0.7444400182973518,43.34274566320762,2.9143469792677466,32.33578877786874,48.47838525370706,2.1794906712072106,41.62
40.285951108183355,0.06416775059800332,0.7719081435429569,0.3053706140648487,0.4311678091762349,36.03958583287991,3.087166224631871,30.434064746856794,33.69666855014646,10.198473634737555,48.44
39.525686413975066,0.4190785446137041,0.652677186292687,0.17623132007125153,0.24062903262600782,23.618200029684253,4.5212106085658705,41.68409560665633,66.73406058596794,3.833979021588927,49.63
39.694563096258875,0.1864515814954334,0.34067916748827903,0.3128131730571209,0.7038889377891548,36.65375191438833,1.4815397983184715,36.615080212202514,26.038147907019752,3.559352631205135,47.3
34.193445512638256,0.6776853419827358,0.5300393062869074,0.033425662542740264,0.21338176044148432,40.71340944007891,1.0232323426415069,31.192810273086003,44.071325018830194,5.168727069841576,30.51
37.71385014447527,0.12244289096019954,0.7493185935366138,0.17034354176569924,0.6581257396919755,3.2050012916994497,3.206720160495378,32.80844756952589,47.24668344444971,5.572647245855476,56.8
46.25719202978513,0.6466783106894459,0.4947004570540574,0.1216012462093425,0.4857766601740934,54.445632544373495,3.170221891220509,37.261264042950856,26.616304660274228,12.17411636476431,54.78
28.93944734068763,0.2286577559766948,0.5330520235402627,0.35811558400176025,0.792559099312129,13.276871514303835,1.9859817364509273,41.26408449852101,48.71916013610938,4.0939033042889506,41.08
40.51871609019414,0.6825966886257425,0.6632684383994862,0.006478064892558777,0.7287562074743961,16.044969987775985,4.338362788226311,34.526128439844356,33.98267669894351,7.615366238122814,53.07
32.71642976995701,0.4226201705027704,0.7371423895956155,0.3339817496639503,0.4982524028527933,6.473795707040843,2.5230799926346563,35.37428510948256,33.86405267138677,12.753738813729441,42.45
29.03494376066163,0.5672351469073311,0.652001590559077,0.1045745032663632,0.6763670887121097,9.689445967540674,0.533151239827987,44.889314275888424,53.63664363063971,5.038671494398802,37.24
47.00176364595681,0.33517129445142624,0.830311172401641,0.3475236791913847,0.4581172370681325,39.19246821200933,3.3703928181564438,41.11060180053731,41.46681239203684,2.6268379819775927,62.4
40.33107375347518,0.5538151214832797,0.7292340441749172,0.23347263404601226,0.2635686092861694,3.899008613662249,3.954280435145949,37.339399381227665,60.22204462291785,3.9534615377526663,51.69
46.383385741559465,0.16153869431065768,0.24306883266878104,0.26138695351269936,0.6459022554663172,52.50558630460213,4.5510484210634035,40.74031663374971,25.86207570452135,7.764643620878722,60.3
36.673021762289544,0.6753947177484465,0.6567415864507877,0.04378285101711765,0.5819540563900126,39.172091053547675,0.5137710667501793,33.85904204520305,57.268647837429384,3.8848563476844094,40.46
41.798206449344676,0.5541015862116739,0.5629582556777943,0.38274301108000386,0.8939981440992473,27.618726803204826,0.9693171685343474,41.13983658602729,35.94128089269148,12.11385571998926,44.53
35.88186012795493,0.41164918307865367,0.5729661379205491,0.36989313835996707,0.36077228732117217,51.26423953268717,0.3504369990073064,41.076455786062304,66.38506588202043,6.728626291838355,41.77
44.0933506298742,0.5978621561996278,0.43538017159191744,0.20743731427436246,0.8071018010076121,12.986234817006217,3.2190836306780963,35.32072121176893,32.848708851441856,11.977282487011514,54.35
46.68852231310032,0.41980701538287124,0.5601569869693168,0.16932237768774364,0.5005031673922291,45.534246291529406,3.4520040775334047,41.15273222909818,43.94878718250439,5.137246696432825,57.84
43.5331197996809,0.31992967983650766,0.5564565144676781,0.18773729407881815,0.5233533922769302,38.56277800752819,3.1219237556413213,44.52491457695319,31.250675844215426,8.882231758792601,54.84
44.158368374164,0.45060236661321046,0.4998651711947765,0.32089426185757847,0.5412519563686837,14.844876956299252,2.468003653329617,29.204140542834764,65.40374993377245,10.771500496813534,44.97
45.48986608036884,0.5645221827298044,0.5022968131774079,0.04745456061017986,0.48002358498571457,51.572405147745556,4.755634357910623,41.053804713904526,34.19937623821244,4.333398301569927,59.67
30.838318460222496,0.4296893602661179,0.46477617759534745,0.12080440318447061,0.7080365192577354,52.89759198590077,3.932641943553433,36.264764082726415,44.83201786909974,12.891970259868643,28.09
37.9327804613239,0.4938433151954249,0.3660076719906685,0.02549419502995187,0.8413335803640081,34.577608436371754,0.9914100858803303,33.066814750512705,69.54700806652889,9.613083589563864,39.83
29.44327326417444,0.6798446272585557,0.8249480226911043,0.2191129769052882,0.4320416873381552,39.29887187607677,4.200197093464972,41.36406396699531,68.96713174215455,9.64226478400331,34.09
37.95855226137067,0.5806061591679007,0.38573981105076416,0.09256330197759657,0.7436259352448531,26.110226178801362,4.119537896910669,30.44262096470281,40.1063408417233,5.217198879081215,35.96
43.18658426653299,0.3464017523262615,0.5346205634792549,0.05281275311565179,0.7263710703597894,54.60051694716086,3.934024835992685,31.79290949418968,53.040523281740604,5.539481727971035,50.92
31.59645711311667,0.11668582197149688,0.3371527874977359,0.3182417685796014,0.41962410052282384,42.36607744914582,4.7545402632453,37.76264295615217,46.843402390452454,11.001526107083166,37.86
36.5642417496977,0.37423598670583935,0.7817359172788643,0.3256870640925198,0.8361990198874858,39.289392249120496,2.746667874487221,42.07394846283749,64.29770868648714,7.765815111905765,45.85
45.49636249958357,0.3818052825239151,0.2485013167429745,0.08979682034875852,0.7822989345322136,8.780021363931606,2.4550403183324634,38.28248726578037,64.52560727667318,12.165366354721758,61.02
36.15388485222398,0.14246201532249309,0.6687545166904935,0.07251544899538907,0.6209858625564619,53.99526548809391,2.841486923874918,38.974466743427605,55.490896236227826,11.964660292106059,49.27
37.95019802104996,0.16438180905098343,0.6302759214162514,0.11830320252975568,0.5807185616665247,42.860974062514686,0.2843355424735357,37.586563951934345,32.80502577898104,5.352600077406244,45.48
31.389255203718044,0.6913091056366486,0.8989659328395183,0.287939167955859,0.6588926410783952,43.404361561161785,4.503460506488776,36.82818601261194,26.587779973796554,10.512749846960633,38.76
33.16105911943923,0.35125261754971493,0.4528920807358968,0.15618699769194536,0.7410499954065177,22.677028267314604,4.717203802201888,41.42419371398053,26.24411612894628,11.822586584404696,40.42
38.32987456762467,0.37293130788516876,0.7848688324268673,0.16991411566521397,0.31959675746997385,19.270739308149697,1.4729715361159488,39.57800350407466,33.04930075183803,9.737269237193685,48.53
44.79321858823563,0.3652491830913541,0.850862754198568,0.3601876511542351,0.3389656843280171,38.68065032229795,1.230198795779721,41.996173205917785,53.60754195414561,5.529412331379813,53.73
36.5915531009086,0.5704699314497351,0.757313126327616,0.013350490221974189,0.42671541160317505,24.988250100425315,3.0107936645323674,30.541959149849884,40.08773592380162,12.627164246815505,32.03
42.882864520868786,0.36510602922262086,0.5254878034803245,0.24877021003340163,0.39452338414221316,15.989709163925,4.9488985034797235,42.77286415842678,58.198970340234006,3.645734468666399,59.3
31.50825008394186,0.659525126929888,0.7714028391742915,0.20923040499543055,0.926585443526283,10.622269350919652,2.883922112028977,31.114776148778066,38.78928721619376,13.281620227558708,29.74
30.035975712611723,0.21220347361461,0.6161552287074354,0.024541114936329756,0.612563485513578,33.393554661288555,1.5966424703862057,32.9830906621271,35.308567094653185,13.228116442352514,32.54
39.70538126227781,0.2460234732647844,0.691864803090433,0.04057650842345702,0.253731157320998,41.70275555025809,3.6880061999136795,32.50502271439126,40.977102072610975,13.487126015993868,46.24
31.66294133093342,0.32952493723260157,0.3974692342388676,0.25960341945288284,0.7179512922100133,30.37218036228495,3.1337470467332955,35.368154144345866,59.217426417632474,2.505181974155237,36.49
41.68860082789788,0.26426932011899856,0.25497469631006464,0.13800537138671012,0.7336210788414974,9.343212993172523,3.6782305482159416,41.182747178078785,53.58853349902145,4.930808582697731,62.42
32.28885003556931,0.6387836189113778,0.6946519893994574,0.021887970658823887,0.7994653389962472,29.334544098715185,2.372714702302647,35.14869027587427,52.29835298984126,10.694942009395536,35.53
33.458896258944506,0.46000457739177536,0.6804398280276909,0.26991885591475706,0.5697504858372275,23.333172506592454,3.85941832192204,33.100166668693625,34.36239230792094,8.549950325121486,32.52
28.66466325529078,0.08352423319849853,0.6865073684708123,0.3892583383968293,0.5410162877195563,10.647178530406176,4.126799410540895,32.44441024855324,69.80319077217462,8.759169989924722,32.62
37.92009539048688,0.2679978266892716,0.7456303892388634,0.04232635432322232,0.8427520377744111,42.901518501735005,4.33454625872714,43.2148936827083,35.340002032438655,8.25206968674345,68.59
35.54775944232223,0.08926492491716109,0.4041440495769616,0.09676812458992434,0.8525469640168284,27.12001016927571,3.4810123397423034,44.35602554475695,38.46345335733417,11.13439469032875,53.31
30.082323506230562,0.15521230850213075,0.4186928358107559,0.16119488605175136,0.5577619180491908,15.75723000673667,0.5178335341286525,39.517892561284135,26.0647609090419,11.713647618304698,38.99
42.20737827319269,0.4373743362286407,0.6599129705300429,0.2608888186470377,0.8987788520498754,53.1439053020863,2.2482158811594646,38.49034599452311,61.12631741803775,2.01245788606565,52.91
41.057526796353955,0.516183542329428,0.45815258657739677,0.11825776824463691,0.33660692492593136,32.00640855073959,4.6126564748101835,43.23162856230882,41.19846672209616,5.094261679258432,52.24
42.49960036488376,0.3784708902393699,0.4723211816772002,0.04951916149806999,0.7888539418191773,35.10815106624826,2.00903206274248,43.61939559313559,54.6852717885338,13.150866402124954,52.83
37.0923564812786,0.6592055387041517,0.8718539997704733,0.3843069275515545,0.8141730454305822,27.04511953086561,1.2094366124914822,34.51849498172308,67.22338711830048,6.362651540963599,40.16
46.46008702182216,0.6807549058729292,0.8633719028127493,0.22202303908891038,0.5689100559881528,54.35730645593529,1.2472601819854727,31.188014448640963,68.34320339856258,10.270337861890035,48.44
30.640995856826112,0.38360616186061397,0.8609548074650886,0.24115652933946868,0.5034714668296512,31.657356076186673,4.453496417685366,43.51842723930057,43.00396745438029,9.296732029211864,41.6
37.02170592316953,0.1929237139090429,0.5720305833059026,0.2312960539858648,0.4533775520980799,17.150151633209703,0.9249229118309692,30.372242325504715,57.01575020713529,4.65965604287244,33.49
47.977433795285776,0.21894572622788705,0.8272338207996925,0.24367438150076698,0.7363026251051112,32.16778339798104,1.0678937362878507,42.399876714694244,62.258774491905285,6.1962255842032095,67.47
38.860805166888554,0.640881941364042,0.7619770599127775,0.016398307920812316,0.8594569791434437,53.36545373488147,3.762349772600498,30.038530024400156,61.33191504267041,9.76986851148303,37.84
45.68061102385333,0.4176183474945623,0.7970495517135816,0.2680454994336971,0.41638707777869616,53.700972184773896,2.9408266301098807,36.784839111049806,43.15793327139647,3.6361304369322482,56.96
36.61598396011628,0.6574981317311673,0.8755680180332288,0.3070563421399804,0.3818710727769014,40.23094340180625,0.29802440463226637,42.04880854774268,47.212835519073806,13.240875798622238,38.09
33.26347208967689,0.6967866201914255,0.5714745100584526,0.3452730169641753,0.8832928730157565,29.960373064634016,2.387426842492101,37.39906123112995,63.14827762966363,13.575922779209595,36.19
42.772607642396935,0.23549341023847364,0.6276671289320538,0.3219158352873082,0.86486474349597,26.33324158252083,1.9748272763162793,32.30867740418509,31.003772668818442,6.379010823724089,47.57
36.376190324212764,0.25624055777729426,0.7173925712104903,0.08623378865037551,0.3922151018657618,51.66724971359173,0.5916305245626402,35.0487300641382,50.953803657766194,4.763128587375267,40.57
32.43690729497329,0.274370621839417,0.8289540285549137,0.17263493862866605,0.5133717623925738,23.10220576906824,4.8277554893003565,29.994090415736867,64.23439394227148,5.925932812735706,32.2
34.30454492487318,0.10386833611660831,0.5640293190467611,0.09114623172396415,0.764742361605032,37.17989215305363,3.495051958027408,31.289321306380824,56.888361919831326,5.735972323764048,46.0
42.63535326148013,0.43376747981553326,0.8069824454508836,0.23572467988777085,0.6145624000816501,15.340411345879737,3.45493757756204,34.36895528024085,26.938718251545865,11.792741556439491,53.23
41.44600245681052,0.15186857946519486,0.5027986615996047,0.34363666341868826,0.27081466183561,37.691835284736285,3.1405699639332094,42.74800568805698,32.773069209583,11.597450055629658,55.54
36.572878249864914,0.28515982804591866,0.4699019023371425,0.20798385057009006,0.2800998671925994,25.10342523339381,3.32950983228571,36.469270008451346,32.46232609823303,6.356620421499585,39.82
41.37749629265936,0.6354981096493735,0.585262858811473,0.2705472512469457,0.25789221907955334,52.63228552607484,1.7130017137065099,34.02295974469467,35.02792512886807,3.0160408611865903,37.69
32.80980163412346,0.23374702797445351,0.3272573936243909,0.38995411211955205,0.7857760979594033,51.35478179899643,4.33627216185685,43.40704559226945,46.55653233321368,4.046497248285206,50.36
33.84903033963407,0.5161369944408816,0.2179708804151397,0.05681688596719084,0.7121638401911456,9.419002397622954,0.431800883697921,29.856657798390245,56.080336886939335,3.671903112856401,34.77
32.60600393518199,0.5380919577277397,0.34024703858254324,0.01415015868968288,0.8793975166819554,48.56855806312798,1.0871312043030676,32.51082402614873,33.485090714963846,10.63441446754076,30.3
46.62899514757004,0.5879666658493198,0.6118807892987712,0.0035752898854852777,0.8627520548125001,40.843605619692816,3.9819555033968306,29.22102847772385,56.8852076598344,11.655073683489725,56.35
39.60940945564871,0.38022720379952646,0.49777775298733823,0.28051507238585754,0.8906159785359604,34.187262533233856,1.290961479240031,28.298757155256006,52.860090322038744,12.375174656228632,38.41
35.95142417922692,0.6610305019525867,0.5511738970997637,0.08826329191543723,0.46524230882663636,24.223257442129928,0.7629896692006022,39.23346814542299,51.64739480916144,9.772674534386928,30.82
28.333441365766795,0.16340085221810774,0.3159004013621024,0.03918059451919578,0.7516068298987073,9.247135152881567,3.407331552561652,31.032635264112482,30.323958021156685,3.950360583392952,38.01
40.909650197155116,0.5777511590374639,0.28999354382524145,0.24647469895433205,0.7803796995584353,19.245068918409988,0.5826347809637008,30.651081372130736,29.12013914022055,12.646543172272136,35.81
38.466972102715715,0.5496472986728045,0.46004889548450667,0.25964106185104513,0.2575098899138283,28.007093673567223,0.6632910376174767,32.22083039156388,38.20033724179609,10.61100564664336,26.71
42.94160177862132,0.09014078070426784,0.8957399485211328,0.02176801148390757,0.8193108435793655,41.49398454098785,3.0404565943607356,35.46057180746478,59.07095589715822,10.878293639226154,62.51
43.8526494592174,0.10106204833272742,0.5503822994899743,0.2580327306268777,0.8162666430314207,27.081731340838793,1.336918772312697,36.34121346276231,36.2593649696704,8.344704577473781,53.04
43.610089675007885,0.2060585737376438,0.33998962893323764,0.189674135826784,0.237878273893138,14.925712678646304,1.897783588100921,36.289705113535476,37.124652005141385,8.727637936500876,50.62
38.874549227152045,0.23644568912868064,0.24338668040162043,0.05466652189932946,0.620913026410393,38.55285958142775,0.4384061290595387,31.15434710512919,39.358657180445675,5.837277306566028,42.92
32.07541195884845,0.09063822716142078,0.4471103805186234,0.05377678841187179,0.29493647385184185,24.187434378090675,1.6706774683997534,29.55935519464111,52.19365432423522,8.0203971922442,27.64
45.254889480282884,0.23506348783801623,0.8729665494630254,0.3726154530225303,0.5255724696640647,14.885480902793416,4.207293020145068,34.1418593075816,32.35978126020842,8.619292589827294,68.88
45.00035757627913,0.5240328968955658,0.8132976407857275,0.29388116495494976,0.6816312204858477,29.009211918404663,4.940255789582948,44.30580200800293,63.198384169108735,11.303830565426335,59.71
33.19506721052414,0.6190353676071771,0.20757129441527042,0.09097598671757329,0.5027993338133523,33.48017207217174,2.8922207377297084,30.98886904854984,29.71591899160893,4.667947131023356,30.77
28.281073758401725,0.5000962833574062,0.37340920501624403,0.14056177461934496,0.45117626793792465,29.615149645683132,4.327038666054133,30.5396292095942,40.332720095407154,10.304345692781403,16.37
44.599572703244476,0.6751863413233272,0.6253460418073935,0.38260334841228855,0.5097963720738108,24.581649994067117,0.7099947651844998,28.602597894996084,36.002694316054026,7.737543885213773,39.99
32.351507634828664,0.4483236885299278,0.3268441123868715,0.13048445610764006,0.3467821363919956,39.22650719948715,2.6795480394670967,40.51371868423446,27.576167631624237,7.104344962821697,35.87
29.072390294127274,0.32194614830237533,0.2282787531989344,0.05866132838831999,0.5468948386797887,11.190696679570735,2.690026039826447,43.68643860709118,34.018340118884204,3.2862381165463734,47.26
37.20539694827511,0.6236972142486895,0.41428630626577106,0.25101280207483584,0.8924851657262483,11.928181571291107,4.043497084665936,38.73578474736716,61.5826035082174,4.048320139437298,51.57
30.576744569539052,0.674053370190487,0.24388420607209416,0.02619335919775532,0.8736171441362768,18.6396317031591,3.0656961576663204,32.88708399142421,54.194126903238924,4.309632431240327,33.6
38.66984349560789,0.2668678786866345,0.3761904278882664,0.056082667068486726,0.72960825223094,11.750701231710009,1.6022066777030943,33.727448998480796,45.446505864085154,10.430824394600803,47.1
45.42187242870967,0.49186067030311986,0.786940701291126,0.28654158453237627,0.3114738498778247,53.852219696932686,3.9756140756881546,37.73627006677821,32.435392333215674,4.072167782947694,59.88
36.32394266004023,0.4893086753348447,0.4606994074297919,0.20513806858263797,0.34096852847297154,11.070459503278983,0.5630948657527549,41.93386818327539,49.99238132108476,13.365692478879948,35.96
38.181168683940314,0.5800450587416729,0.8594444117196718,0.2886961009341751,0.279191705665251,36.85303268118233,0.7780794187572413,29.31278118111735,56.18051823021721,12.017425183088463,28.2
29.482972159320894,0.6262398812248285,0.29254653589360824,0.014034437497494869,0.7407907765748667,47.08120881295783,2.6694720390282862,37.17872914959439,40.15872307273204,4.86155838639479,30.99
44.98568816242085,0.25880909280737785,0.39167342941295596,0.10711668781802004,0.2379465635167671,17.615901291699814,0.32312440145122406,41.40292958196234,36.5167073063932,10.281862272216364,53.02
44.74927259954397,0.674246172912064,0.4571041298904155,0.03533632795585486,0.7622343232894422,4.1077209623575355,1.270224005533982,28.905261364043355,65.4166767228917,2.0635649804188674,53.92
36.4799825431796,0.4742840319562906,0.4028208619984749,0.3494781601877834,0.7507593061860449,25.47931015159611,1.9185259976601985,41.87010020745893,59.067713434109685,6.78800069628857,38.4
28.777759793250844,0.10310970953609466,0.23774291888796428,0.009766194539210727,0.3146542866055857,47.57137451938989,4.0311646916281525,42.37475541307935,53.07101626414624,9.48875721488804,42.71
41.97930707284773,0.23201716706580744,0.5634773308503407,0.381889041520343,0.8529615457388204,15.12606237938119,3.7359229553614086,29.769542749306588,26.203411858481466,2.3380912973823222,55.94
41.89896804187586,0.2861488307477121,0.21115970727668426,0.3952090525507368,0.6000338024239948,23.481771185788514,2.6904794962343908,36.839505467595345,46.16064596918471,9.355386853579649,46.82
34.03427384154173,0.3665296048498754,0.2025507973377381,0.34392571252728105,0.4294279166848372,17.107438713075183,4.988178412212966,37.9346799586682,30.536946076344563,5.186299638722852,36.59
47.721200957413075,0.32990409064465764,0.36109379180496637,0.22789238696512687,0.5035697435427577,5.857940183377263,4.332414139780762,28.266687963816167,65.43176360854645,11.502304443221627,53.64
42.472221556261076,0.5511120933905572,0.6216149514000792,0.23106832006244932,0.23726526968598055,6.093811334784693,3.690985519211345,29.794608041621466,35.88298453179149,7.986039125880305,44.37
43.79679121100051,0.5747957154564076,0.7895002478826243,0.019827248309881987,0.5209048709252183,47.03971898114546,1.9434530734721547,39.82894643149138,51.51606568855043,6.166503400486143,55.6
41.054861841988135,0.13685568905188306,0.8020857633614309,0.23057737643228138,0.2836276288443794,39.58343755005491,2.269340239435611,31.469384061173987,68.24811818161898,10.635773420173107,39.34
44.97734362118723,0.40351536342339916,0.5090294286330327,0.07577874394428333,0.31504281883863405,25.462404451336106,2.388677979332076,40.466312588922364,44.89382545165944,9.117910406785015,55.24
47.866693910210834,0.25964145484833356,0.8313681246098581,0.3224203487414396,0.2510050177396648,20.376264404402345,1.25140620720504,39.29453263119097,49.988461129795965,7.938212631074643,61.58
34.66617391623967,0.2987889921096226,0.8059437637578144,0.38888340370400265,0.7822680055758742,14.287690688415765,0.7407278343864672,31.556487512018634,44.024261426030336,4.840364332971658,42.65
41.4144580353488,0.32087400910895914,0.39166821300309257,0.15226440205638575,0.5570379465250477,40.11876231313789,0.6288394794986187,42.43015997641208,30.740201400858098,5.1494009836692545,45.55
31.804172680885024,0.11574242206112467,0.6468837113431588,0.15725163194048997,0.26887657570138157,3.194606274150342,0.5799755666310935,36.88650483912241,35.3901825308924,11.330625611827399,37.65
30.896660354305887,0.26906291597740556,0.3026018878277382,0.11467708143277888,0.3794033140629285,43.9169748487337,1.8583024544675177,36.424601578651,55.32527974628417,11.86707978982624,25.67
32.184413354080384,0.6859946929413139,0.42410328125324787,0.2684272396723502,0.7083807805083533,29.72953117117613,1.2965477383258734,30.404776156220997,46.9157265211494,8.131154440536523,21.13
42.19666887904387,0.6428268312433133,0.8796023933213422,0.2911405304798163,0.25738343662269003,24.066152079289335,3.1222513752352783,38.033316214649275,33.16497036237692,8.995336753410456,50.76
34.77853689687432,0.5921045534458035,0.495353211067754,0.21095838162578107,0.6221546457758591,32.275832552284044,1.2229832661601858,38.19070717353312,40.05806240248538,9.860243535154035,33.01
47.882311892673386,0.5518281394447071,0.49207600343901525,0.12054074034571319,0.4908515261133844,40.502830184241496,3.345957438005913,39.935572704009985,65.00496379531927,7.475542715724911,60.44
36.83015909919737,0.46476375077791965,0.532376545874063,0.31066545093515724,0.2039450924627998,14.216969701068656,1.6229006007835738,44.071706606268975,47.8170795835113,6.372222559977695,46.38
37.03644566865073,0.6140897535740811,0.8736351059760965,0.33766585589609227,0.8312425725642114,13.348785769683982,1.4896547444588255,38.13283606948768,54.52618360485899,4.432464481352976,53.44
31.999271058391734,0.2209569202831192,0.41475687658712745,0.3383965665961268,0.7490629226531624,30.595642657657432,4.134796631047497,41.819780204710696,42.54248931769256,11.377247449849039,43.99
38.06457699911019,0.12685712475263572,0.49875613991388057,0.20814630790687627,0.2599387684370527,27.055863610050995,3.3280186062086385,38.43949999066054,27.445924955097563,3.144076230898413,43.03
44.853714458322116,0.6153414345587855,0.4167290087955482,0.28755683409658256,0.6330429442637324,54.13795745549049,0.6542907789905201,37.313972618084335,51.66419419920642,5.692022851413393,46.55
29.042090713756522,0.34485173523041474,0.6847316526107434,0.280070314321251,0.33572738729136814,47.61455133230089,2.0103796446547757,44.3942543335311,30.317183549153658,12.037456383625782,33.46
44.45351052287462,0.5757467417797946,0.4529170107834615,0.2853372426883892,0.6345099245084753,25.072914834423358,4.966936141057663,32.93773020846704,43.59148099845029,12.83433244805741,44.57
31.053622842570757,0.2514998372851653,0.7315181739712537,0.34394160388090644,0.2858337407167708,35.32905941589098,2.922977146854766,39.369562353727204,55.19753670070582,13.51360964319834,30.19
33.99533843471558,0.4277964357841863,0.5005929214670632,0.18950170892503132,0.2519577451283696,10.708593201586835,4.689799695645737,29.16095467839207,51.55655167062794,11.054900348214682,30.86
32.45496295866769,0.29509682005210136,0.5547722129480679,0.13663811790226418,0.6867494436117876,14.77267089703706,0.3223180948592912,28.02670786391032,40.54804053773354,6.339953590330966,29.63
28.895614250404726,0.39454228908786765,0.6044693199846924,0.27971000475908786,0.6790509501054953,3.423253673645028,3.232916832363256,33.480594974895446,59.779103260651084,4.260384633628389,41.38
40.50990667378122,0.4739890754628586,0.323163380961288,0.26766960053298494,0.7527338064814362,28.449333584365892,1.833755278340217,30.83143243789899,38.048223629983326,11.165940349430251,37.44
42.054264839865155,0.5310593612490163,0.6719191568870027,0.2694153694731794,0.6581061532445387,29.957942893113103,1.1495200969772947,42.32765757767145,68.39188776194179,7.597808787201996,54.18
47.95989075446567,0.36602734318078334,0.7070487616249777,0.25751613530020906,0.3779486120005604,5.448651075224577,2.3761054936373927,41.38248495573663,39.63105982103636,11.413264654318212,66.0
41.91082703635175,0.2357315774453035,0.5290331679901328,0.07268152001008686,0.3849353960597948,7.672202240805589,0.8085123502217986,31.578729148029222,51.11053951191266,7.294533434571678,50.79
45.22224893795378,0.3913459993722909,0.8461766315450556,0.2539859849110271,0.2118406973965375,50.50073593281615,4.315824011267966,38.799610787275284,49.064810007886805,7.43511287982302,63.3
43.384412816847,0.3835420415331457,0.32321728909170844,0.02327102686919709,0.29463970721488436,16.074937659544076,1.9651237829105916,43.17107220697855,35.75892544898506,5.835182696030417,60.96
38.91483637412267,0.4511063525914164,0.5724892723280124,0.3807426604867761,0.9465335132405932,46.54459146988929,4.06542149547345,34.22289720474335,51.09025777728993,6.217669027386622,43.47
31.43662278183672,0.190836614291518,0.2270858496092162,0.24357586933519695,0.7164036940917178,3.1748388840316975,2.6517716671724028,34.40686715432616,60.657135181844545,2.4666889519837207,40.56
40.4041819745176,0.4345652554768465,0.7817630160986071,0.23690675566294447,0.9120281214436261,19.34800139618995,2.110022750743041,44.62046933054958,29.838590951730016,11.550858238355355,57.84
37.73026498806705,0.14971151928963838,0.6192031926096455,0.31926798788313127,0.22478172676301547,11.516181782770753,1.8445298295771317,32.34858241954646,42.24489504128148,13.422419597809421,45.34
36.465642173315445,0.3471093915449288,0.3962394362804139,0.11140262307502789,0.7360641213119905,35.1278798178511,4.101593694719135,34.88624478212689,52.30199621408529,12.723057688191014,43.19
46.400467849999174,0.2248337646433462,0.8897948291724842,0.32655596618856664,0.7961058545309774,37.71408724985028,4.919686272185914,35.50657487679017,58.36926871430848,10.385735455862257,64.39
43.029296283385136,0.17399132922878868,0.4443360287916816,0.156901598330362,0.7609998604849715,40.244894737403826,4.200157785131452,41.404825684135716,51.82152457252349,3.67938183784931,61.32
45.74118567274958,0.46806333620332524,0.8269385000044192,0.3996212072547598,0.4694016747676497,40.61106410608825,2.7918014364824257,35.734520612038814,35.79401854116075,4.950975151951172,53.07
40.629670129978834,0.14233451281801698,0.5019705288719355,0.20933329570887765,0.5286758578917274,47.45633470064366,2.3272129270105295,29.408145580393146,69.64897935276913,12.139803092722552,40.04
43.12647241617215,0.13332395484064866,0.7361403558722224,0.08309957668483806,0.5667320971804819,12.255105044862745,3.8181678287945204,32.1808759687116,36.39437883212617,3.3106681920835888,60.21
33.916892615617556,0.38688200858127875,0.4325704901569275,0.30988050352889335,0.369862742370501,51.923394002412365,1.7424318794705966,29.76547756194276,35.81373547667196,2.8872911488061024,29.56
33.005024414469375,0.6259299288891695,0.5619900341541024,0.09334737949171452,0.5384527474287061,13.191702151302064,1.0579010044396084,33.11115999226855,29.873565914602604,4.263770442930688,31.93
41.33605269394924,0.6487167312472226,0.37979285902744864,0.3428053343203695,0.4717046051404879,10.498139018369253,4.062594080020145,29.014052241666754,43.21837775207348,11.83177602213972,33.6
38.36131390799386,0.27986204897732747,0.2525390812716142,0.39638879441435954,0.33108029504378633,16.27604069875428,1.332395659974165,43.435003913656956,59.36597767255887,7.487957593272039,51.57
29.055667615728836,0.6308857477940738,0.24229913498171143,0.1564522783738255,0.2405036587823673,54.94638757139963,4.589069612002888,37.941582239185934,34.80300582992105,5.321332702369631,27.27
34.455603649846914,0.06385403853271146,0.6593792056819943,0.24537116163732053,0.8782330274141306,27.796410085483423,1.8546030166322616,36.69579210960204,33.76127459031278,9.506484221897438,44.98
31.069234267513842,0.25694909146296396,0.807460685556479,0.20221269945352877,0.59887748500816,40.56522624677428,2.9738855130623674,29.182856057254927,61.17827703383661,13.074032446981613,26.77
30.42499512915102,0.5062838814348622,0.6231317527601679,0.15300679958869834,0.6044364867052785,39.573605536055055,2.621487017028461,30.383201518806036,29.024621310998057,7.26630482226058,22.45
39.155583494169875,0.2828430448616019,0.8360943186647247,0.15545286247157525,0.5818598607007814,9.057965192693501,3.7395245384930296,39.90515027144316,60.7409796786698,5.902295761133161,57.98
31.366834230543965,0.6769281694627246,0.26025414318551787,0.25960532146992293,0.7289430459238897,11.202296629850942,1.953551387986351,28.733151634962216,50.04737159139884,13.939257713883489,25.39
47.80016440745873,0.13204652547582563,0.474718040287457,0.36078598801938877,0.8575216112431041,19.82676204922878,3.457330802087992,43.06472291648244,59.50948597689525,9.541714363195009,71.3
29.46005385141127,0.4495044168807646,0.5501929659823757,0.09521466389259375,0.4195773462192685,23.388533214473323,2.5785000901880273,34.63440247450301,42.42812524386849,3.388793735736235,33.47
40.183081635561884,0.1449664199913077,0.496712082014555,0.1666863648118182,0.650465658866842,34.66122012816524,3.2970662575028595,39.86435197484472,29.65093207580574,5.659066406873745,54.74
37.09283024160766,0.3291295505896867,0.714028851125635,0.06684677864314446,0.6736208428441333,18.948098292367913,2.0331990790865557,40.22787666031472,28.21966218581089,6.113394667173949,51.64
42.314986237033374,0.1794958697959554,0.8631890955833241,0.3991047811176633,0.8141826056150414,18.585050076103464,3.386559939549702,29.41351653886486,64.20756920679298,8.191914455123285,51.83
34.548331191234055,0.5704827839171835,0.8091587371989324,0.2078853547737694,0.5602336252330049,42.03820682076949,4.165710188089063,41.00239581072895,42.299262260539344,9.703109139311833,35.52
31.03521268094839,0.302288845324726,0.2396332187126853,0.16355091427495996,0.7792115629389866,13.245479058130547,2.8010583253970416,28.62195746817106,65.39424958292462,11.840056338805416,26.69
42.115739919438994,0.11754550716475828,0.7916466474781594,0.28610461242870855,0.2899755475438104,53.99584282617643,0.30814613219094406,38.68468466407715,32.72897485333675,10.631091790634441,53.79
29.622017656862322,0.35308963136603594,0.8958066257813391,0.1106064959082605,0.6593961205673919,29.967151867460245,4.2421741263221,32.90602333098772,49.97249713201688,13.40748218126217,35.51
36.78811162620362,0.6277286544273863,0.43274920006412043,0.15226950585352622,0.4280891066582737,45.095631516903794,4.6658574581013434,38.7286809713374,53.063355906684365,6.680043436558101,37.85
31.478751976471465,0.1458349304836524,0.2811174019691257,0.26161892642135814,0.3022617142803482,7.452965531909401,2.0363912314969195,32.23338527045428,31.5637245536147,3.753534506702816,35.14
38.736995267520825,0.5427621400593133,0.7969436502764975,0.30056713989554007,0.671159944778128,50.19647803101313,2.694736653124403,38.76706629451275,43.522924764934075,5.928610410568952,46.04
43.93195301347703,0.08598925481680346,0.6722796706351639,0.34578407713481435,0.5730712602390253,6.650440655760611,2.2564038158570763,33.83485224899995,69.34926936847438,10.295182419427332,62.99
38.31653837924462,0.5111192653873626,0.7057996837055178,0.026543552298441943,0.3669548933579528,3.674312882302075,2.647075548457145,42.88859753221245,52.42995406128978,8.002490333692514,55.83
31.44437022043508,0.09849280030249571,0.8421140154868023,0.3611127019675253,0.7122293646597122,15.790916428994702,4.85486731858098,41.01088798066505,55.325256261310116,4.674935888185374,52.61
44.45152482594,0.6091691460759859,0.5930010810608877,0.20911753748770567,0.7232628712307303,30.46893990424859,2.2048689827151726,29.452123194214607,30.672235407201107,11.123305618408008,42.39
29.046100515952173,0.6380183257561715,0.6927979794182794,0.0016850887656584491,0.43403253076615456,42.69255995096833,2.2044838398908273,35.969562988587896,45.645957747072494,4.425612839108488,34.73
30.060126610427393,0.37971321860533613,0.31896907922155326,0.0186131238308624,0.30743291333537626,48.20541668821057,1.0455087909462137,32.73227655320996,31.21426546991828,10.826541219893103,25.48
46.87270077290142,0.48181097846113646,0.5719724543407402,0.2626523726512672,0.23031903740724813,52.4343335266919,4.7908621300027905,32.694377765444,53.273296723441014,4.422982929678495,46.23
43.41578478248787,0.6608841211235049,0.43745184628597034,0.2774021052171046,0.7373203357603846,14.499737660566543,3.219354231168283,39.1421619161922,59.38342478557154,13.999367089454402,53.21
32.04610087355116,0.14430098074783143,0.30810383669449176,0.18169946424878602,0.8589024174597031,26.333609991523264,3.408705909605184,34.40048542301373,39.38484918900018,12.010822217948506,35.77
35.017905761650724,0.6442041698106571,0.5489580955823513,0.0753098989197154,0.562416396850761,38.08437077254074,1.962140428429579,42.34434051668169,48.991479127274545,7.613177359213596,34.33
37.25835612932306,0.31936659220303065,0.2726014767334472,0.1449967515427861,0.49778622542231127,12.39236059967347,3.021551368223205,30.44531519935591,35.066040487175094,8.733103828701687,37.85
40.79336620256707,0.49883353639845784,0.4109032874246552,0.03495507259868798,0.5670888753716887,7.830717844774492,2.673131271314567,40.34570331619232,52.914840616186154,7.37921169454421,57.68
30.034944661643408,0.6220009794927552,0.7600902108488421,0.16789543214583383,0.3146503789255358,11.105072860437344,4.624667651565427,31.97297929273042,64.33520685945228,8.039542639163468,26.33
40.39022535167641,0.18977540388060138,0.49985947184178575,0.37539377552197195,0.37869269673406236,50.92234506174709,4.972206543724058,28.882422197283447,48.91206051661172,4.061831596324263,50.1
47.79085286429751,0.6329725820218337,0.8473939231244474,0.08533992532483975,0.6067396991669761,15.211212852537432,4.517238596372726,31.249617882262193,31.92815105841399,2.145951580568225,63.98
31.795256937090656,0.10036862189164758,0.8074187723892112,0.3119991234784496,0.3908611230104426,43.729400572182534,2.226389824624632,41.183845258919135,39.53534433258281,8.775850717854524,41.47
31.753516340469382,0.43066137460130044,0.7255815599844957,0.3012428498376596,0.46721706373943267,29.973011957103054,3.8661372732084143,28.926459106884046,28.234974998538714,6.5146728796649285,31.49
35.492920391004404,0.1109395019087553,0.6144056214727012,0.2686962023977418,0.7938803809204298,36.827192779917,2.102630696029164,43.89377982190358,57.68494072125957,8.332174949921306,53.3
40.979499734724314,0.4346183413058714,0.6783309992562825,0.3124499061233205,0.886287214233668,52.35094275062358,3.2248904102028617,44.421252607806835,66.01400795502553,2.0313722841826527,60.05
31.56938819668127,0.24187522539802392,0.4082501398149122,0.19325185585484297,0.20814963349502483,15.261413217282138,0.33978059340721584,39.05949561722704,65.0179410411775,13.973463917983185,33.25
33.20282220588305,0.60451733787495,0.279210962278331,0.3896955924224563,0.7361280910386516,29.204602599105534,0.66392257915632,28.309330907066112,49.50394888668726,6.966206089280257,18.78
40.84610959386874,0.33073262522220176,0.3582049420708357,0.19216888352480246,0.32224570908961747,37.68465844860564,3.107499547835648,41.77121325814545,45.22881725090243,5.343782396330348,46.84
41.81994162919769,0.5093609566385775,0.5696591999844418,0.35039144595474925,0.37083763060365194,23.88798531835187,4.021916343991153,30.26033533346758,61.36492718572966,6.231142648770083,40.49
29.58298971070458,0.5979686671899272,0.745030881937945,0.11521653815580657,0.28727164192810867,15.85619015396134,1.2223406513296435,40.46194607876737,34.70033879606129,4.593182261211501,32.0
39.93719376619036,0.49783670636646965,0.6574433282636587,0.2274396624624314,0.9245562116306265,27.582402633208584,4.328655238981927,38.982168476414756,28.78728733095262,11.72106153171307,56.29
41.07051318650869,0.16714783315550374,0.5062430658996502,0.3522329897497137,0.3615733948147365,3.0064951399340702,1.43604181816388,36.28822163599901,61.95751194858646,9.719490806880211,57.86
37.11128863255787,0.3040298949220742,0.3619927516169993,0.08722499381564167,0.7520824227560452,7.178674398356074,1.3650252071984414,43.06021941218221,50.96143681448438,2.559051308819987,56.19
38.13364735506233,0.60543912287371,0.6777037107788841,0.001778635191115452,0.35430431538119045,16.41411242937714,3.5707149879759204,36.6583410203916,58.63513736910234,8.15440638540155,45.51
30.07321293417379,0.18170436413467855,0.48054605624197716,0.22058172327271147,0.903978052392967,15.465449207458061,3.3972077093440824,30.59328049538613,57.11889048650504,2.1360905257277483,37.81
31.264353134290488,0.16721089014753515,0.591235343320204,0.15016461836348496,0.5534788629131271,19.06222189292541,4.776641837735961,32.94115370139211,49.3921341130975,12.252266666490142,32.77
34.455538939634415,0.4090838441884325,0.2580937883629092,0.21827456108307688,0.5235418162651564,42.41255276781909,4.2699336470437625,31.393480868006463,28.669115745734338,6.686683774938027,31.76
35.53603896630045,0.458564761148752,0.5539558958033526,0.3746504138660359,0.5070433424896947,7.289696993326285,1.6492881014790899,38.300195660175156,36.521129437318876,5.227861421667606,48.94
42.9228355981811,0.6610866022910749,0.44526364369344595,0.07819521590419676,0.5154777141253273,21.295664034940557,4.952119587791245,35.88576039480587,55.56775087653388,12.965456799738238,47.95
32.98756949839708,0.4448165619666321,0.48131343524558123,0.16893994777552282,0.9344934360278037,17.486732706932337,2.450888703095892,30.717739776886404,33.034488940847,9.241813089030007,33.19
40.72919747233691,0.264034598636931,0.24173272079551386,0.18810554485947684,0.5782022398204729,43.07388361391057,3.273389899001383,42.811396669216776,60.23422954127913,6.390533405731362,51.97
42.94573058910253,0.6719722399622842,0.49564651383557207,0.2593127969244544,0.4944978764612256,41.367065301228926,4.577567222290675,43.626842267232774,32.068938282437955,4.449159171450546,53.88
40.62019771884804,0.6383197364557206,0.41966039159087476,0.3392083244585052,0.7128318927378949,13.163728128143173,0.8071729711790685,39.94630123414633,32.13076807259206,11.531948476917778,47.63
37.537341249255796,0.22909387334892273,0.8886919164474019,0.28886684436421056,0.7835477353736577,42.97296823859759,3.0032747704476637,43.97488031330092,51.271967652220454,8.240547021249792,55.32
33.63471839683347,0.5289745388883282,0.43433719514772384,0.29148429805867115,0.9145300691111187,25.843986712495457,0.6671630858222815,39.33129018260041,25.428536426296855,11.444042255267561,32.69
37.7946440801731,0.4201374043754967,0.5614859807543011,0.12951090871840906,0.4111316822594314,24.595467952442547,4.49556455319472,30.30129781639333,39.614406850896245,4.307605135392853,36.96
30.669968382463423,0.5445171490364509,0.2724271748092023,0.2661048374469083,0.4007827436517676,27.553879836598462,1.1599422162441988,40.41380255108722,67.67241951707459,4.660943448715951,22.62
34.50547602022868,0.412600658583736,0.6911129657599032,0.07970744642607747,0.5335729530744708,6.527028994530605,3.545858124934496,35.08247403531613,65.12400396878158,5.287902662877656,45.51
30.8207968936569,0.44452820290902406,0.4154657259105252,0.07271264438131496,0.27045287878937413,37.09341305909188,1.319206079644378,37.73784500520781,69.0738425275875,5.791541843354379,26.44
30.85645228792841,0.127559306117261,0.5242984690436651,0.2978602278642509,0.4223332893363938,10.583824083879847,3.2756804783788493,33.12006355043712,50.882665719050465,13.205438716073022,37.01
38.249832289725376,0.5744277438602906,0.6842026787483397,0.30059126991167434,0.7794270311420752,31.07563305737024,2.7730981179308722,40.221122867623606,56.394172155110006,10.04069196835622,44.62
44.570852912097536,0.20353187809107803,0.3090123764468986,0.13806488764628064,0.39037343030371696,37.48549063456413,1.308885685519812,39.16032725196477,48.09502576783548,3.8294008169031155,53.96
38.43453568606446,0.5265184475504037,0.47877615092227316,0.09313305687121601,0.4213086568203416,7.946093842216636,0.3207176052331187,44.543198303946525,29.338447046466193,3.4986481413278003,58.48
41.27010471438516,0.33344714530946207,0.6543163840080946,0.37399392941216414,0.27453298357677947,15.672973413117276,4.329441936659556,41.27086887011882,69.74155247007359,5.76690578086631,52.01
34.873776625900085,0.5148105742705705,0.8179200633351105,0.0683128381033447,0.35422899127640023,33.209849697682024,4.250358896170468,29.3421420987759,63.28963643901566,6.117446354541158,31.13
34.79722191375112,0.6424619379949968,0.29155602860798735,0.22970979247053733,0.3110810604693438,51.28692076493175,4.030070304970973,31.974927662438322,38.40002206396691,6.57818393555213,24.02
44.3468571726411,0.41694668095097365,0.4995645204242096,0.28777786277454115,0.5433986572578549,9.668480878009104,0.715948084493736,33.54126355651792,52.129160692682746,3.618095931778813,50.37
33.39219289617467,0.5020187201453896,0.21978389082345945,0.1876093725922292,0.23919811176067446,20.186404314316665,0.27476069257701974,35.97467892982483,59.515714081510524,3.202640452951335,23.44
39.683905341846625,0.37799342753841303,0.6196382835961691,0.13435885269167822,0.7327546653262171,43.54262377988016,3.9354745548170116,32.5808164196927,54.425815436043365,3.777148708943317,41.69
28.05258520119035,0.1758313933554217,0.642213881082824,0.3497446020812518,0.23677122393951824,32.04474519306517,3.2565200965041465,43.850646680106685,54.48147075902304,3.2363924296488604,36.03
40.715282577739956,0.19015278989610124,0.8498138324141018,0.36827488031435446,0.9114918951179101,18.233535606234053,3.641359558209519,39.27123641789244,26.602170160199744,5.186780916155357,64.8
35.4161720347668,0.6694849157543962,0.7919211472708367,0.11736983654731077,0.5975236483244923,12.997838322506418,1.5316831630205034,29.105055233253037,53.917292541257645,9.883049293955947,37.47
45.431036268545085,0.1540386094759198,0.720128662314091,0.05388305313093294,0.4802862588093582,29.8079017210795,0.4374555876179649,30.664983096272724,37.200224499551716,3.530507955610272,56.34
33.766383761742325,0.37576158193079384,0.8975739665479803,0.22665707077249758,0.5086218312440636,51.349205108062826,1.267989225759721,31.051512594258035,49.09139660683526,7.127620853976682,30.39
28.840200826087344,0.4515217858672929,0.6974754000285135,0.3887667043295868,0.3093224001798766,15.804647372892317,4.675727511532362,38.72069037321611,26.712206473098025,2.9281280270693477,34.12
39.349489969128314,0.41752006305226796,0.8159059503178998,0.09643916774849132,0.320323236366515,34.91790927634818,4.43563086873864,32.50926095934951,55.65824641561084,3.82854838229929,46.28
46.03020115725475,0.12667724668914399,0.21704187565863628,0.3099761792443137,0.4718821613938853,23.626244714510804,4.039316215559338,31.05890845681492,54.26471236844661,5.762339946051614,55.32
41.74992097940176,0.25713168745810844,0.8066228729960494,0.3676142600927603,0.8367888214407146,19.76229086664402,1.3355965969263495,43.177610920932594,45.382614274440755,10.492876682696188,56.96
33.55373309735645,0.12741332815761358,0.6373792943403,0.23607690230529005,0.4026500544939319,33.404749512037796,3.993714821496046,33.950186699850164,35.90429735165075,10.700014563314674,38.06
47.08578875737841,0.14593078489635622,0.8224848713217363,0.306039524475961,0.7264249309481658,19.278788717899666,0.3065261657031398,36.62835840003052,37.85962194185723,5.4778522271202945,64.34
46.68464759181108,0.37747436150698094,0.7867954932426557,0.11343502857676416,0.6754404980635513,31.94259657761767,4.635997229205603,31.048073256321157,34.20564503841158,13.387572793442535,60.05
40.693649380879926,0.08936667358991453,0.25389356568442234,0.23885949716068874,0.6135259716155441,32.79736233518682,2.473530063439726,40.62010878988728,69.64848413642044,5.309374956684268,51.32
34.46099084686429,0.5461248150988041,0.44361085078660967,0.27069482703306025,0.5344156677589467,34.60584268519665,4.179273789463516,36.7389976884215,46.38279403810175,5.203695003263636,36.16
33.24824545819208,0.5983206337166731,0.47220481880310866,0.05164305273398156,0.37997564594477,30.798236308297323,4.598180075982811,33.109545475771256,36.89737918446902,6.878718017721624,28.0
44.904393489227076,0.1472841681985495,0.6296273009701849,0.3167456813376139,0.7760077560276781,28.41996557124002,3.7127906512354025,37.92097238008073,34.06502422834912,2.6726436876381037,60.28
29.238780038950797,0.30675871254857984,0.7802153010995319,0.3377176593614326,0.2255554410050134,6.615844310493695,3.4153620204379744,36.4999778140174,31.72112767286759,11.66635541278512,38.29
29.562985093914214,0.5371796397650055,0.6256881822423748,0.15777709549252947,0.719544652837651,50.39179581194254,0.36407572527990906,38.6705504404807,34.81752836570019,7.689653119296606,30.63
35.79959335669059,0.17373146516085025,0.7618549555114875,0.15180823397108012,0.8653971957023598,21.442750193217524,4.230624054459936,37.25592763591969,42.35313556869065,10.448386575175952,48.55
37.653815805489636,0.32652327844929885,0.6041932792606255,0.2340653514022873,0.5191094118910156,42.39846967901716,2.118662949218278,35.70097182900238,52.239320092578055,13.842186823167976,39.68
32.639055998230496,0.16497672323343876,0.6826109500156934,0.1796378549673631,0.49145475505570607,13.61269945574117,4.477464211536024,35.53394159878056,52.3461990168848,3.350354939510341,48.23
29.347090833279914,0.2887749525448908,0.531020621534338,0.09783125977969474,0.4622581294079822,3.325521769236026,1.885224633254695,30.025912692124407,30.77730152682503,2.0540731707200397,33.62
46.62567548098768,0.4540046145539021,0.2673414363495368,0.39585977975700165,0.9316888781573849,27.348195854189413,0.7177722483502205,40.25256826400248,68.26606920175468,11.344395249664313,49.47
40.21663804742154,0.6856467742336587,0.2511835357738386,0.05982240783625046,0.8231085835547609,10.545880176627469,2.0398231372593423,32.78548735293076,35.95501223981769,2.30866341330112,50.27
36.02479041666922,0.40853363821405725,0.41315574454825255,0.37658434202170504,0.6435103941811455,52.98276641967787,1.8800285804415615,28.038922134887475,60.15695042330983,11.928546254727706,26.68
40.50738456924638,0.47966161357607806,0.3020137069332957,0.2210098211410325,0.38239916050995776,3.8554885666348406,4.361173233805365,36.35881791084989,60.176459540982,10.674716386749305,52.77
36.759068078023866,0.3279078943921654,0.39722889693581914,0.2500588853612859,0.5645843754164632,40.89557835136678,1.9112561525188507,30.22436060735854,63.809595345375435,11.936563303576216,26.37
41.80703435023999,0.3700618890791476,0.73268046799177,0.15605294746580498,0.6017294265434222,6.006437411366857,1.0395679116227905,41.29001533217675,42.17044669777948,2.421265090755082,63.26
36.23196064171229,0.5166435195609017,0.45443952926506165,0.29807430175154764,0.8435454404713125,20.739103938697056,4.041802740101241,30.156971320813224,43.68775862822468,3.170748755379111,36.28
29.29054754970894,0.11808881760306368,0.7850081463914791,0.21747084945347603,0.910541140832758,30.976015668250703,3.2178143950898566,31.13622733938838,49.32614592851688,6.623630585639922,33.19
46.67842431563584,0.17902409812645664,0.6340916047568561,0.2552703211883912,0.6219013095935133,9.465144815747763,3.3392735304361367,41.584449843711404,40.53517152339086,8.174620423329888,75.67
46.61377422974056,0.121199604562008,0.34586397466777297,0.11939139032001399,0.8193426793865164,39.43410786612245,0.23366930241489214,31.12054630170998,58.75680306363558,6.846013892009749,53.04
47.278337566400495,0.14830139341136533,0.5573266480327793,0.09932643905793737,0.7531019901690197,43.389757150458976,2.1066579369194867,39.19364356480354,65.90831130459185,11.777709421911275,62.44
36.82952107793276,0.6264708781175633,0.22406096029844008,0.009124628925530542,0.3543465061737666,46.03632552363787,0.9354233005625638,32.84974784412199,53.30809105630791,4.210913720736569,29.03
37.338254542463844,0.19827103444915978,0.894689578784553,0.06537840692850715,0.8374528286901899,27.445191237933397,0.8197936626569047,30.01426467176387,47.51332252228849,6.242242057630523,50.51
47.178782743314976,0.35119683141157404,0.8501676869606294,0.06559989042592754,0.3375995504225092,33.99343992900748,1.4954030845607484,31.143943545391426,29.260842343599,2.915248043685966,55.82
33.64326292739633,0.6859724496499626,0.32818478923538735,0.14177866000953918,0.4811814646117501,29.007945222315154,4.379052171101376,42.191093569391185,25.44803488887079,6.911060803499152,34.05
28.003956156534205,0.3968657219418585,0.38163293493324135,0.16510741969684026,0.515228524909106,23.37123091731075,4.481360586614063,37.11988135248209,65.66860257225932,10.720908887856211,20.76
37.8712736309791,0.30340804983343955,0.780001994740225,0.07503912478838548,0.9023092116961635,33.18207370109964,3.136438179046803,36.78562380428351,49.95234146702129,10.012104997073926,52.61
32.28294177739929,0.42858610456749807,0.4482385084819097,0.2548121223211515,0.6108759352009391,12.343356553049613,3.7267228041873732,35.769228607151334,49.814869852876164,10.071714379097756,34.93
42.97857640180089,0.18438862361802633,0.27727386361614986,0.26767182986973775,0.3769887099992616,8.959453164590986,0.8299399654851585,33.31760210629174,69.63041716221602,3.88712392024502,52.97
46.41468303764286,0.6761502410415217,0.3601903528060626,0.35218107882026306,0.3041884583922603,42.599893387626814,0.26243917110738335,34.91253369709632,36.13008430228247,10.448096169909473,42.26
37.29803412103066,0.5028738660842079,0.23269341127512805,0.35896007285198894,0.4708980555473367,11.593823276596613,1.2822295809462119,33.761400789267874,33.926879582003146,8.126945046982435,35.5
36.66860217766649,0.32757089743182943,0.7471896635580917,0.12040668518315406,0.6670766254304314,49.43192242226057,1.2632689524608585,38.53831241041577,67.65873010246528,8.357543059465453,39.93
34.20092088369593,0.4167910302330287,0.41772502584066695,0.0014877700269602557,0.9479810753342437,15.48312353793838,4.870889529136312,39.101558053001156,65.67701240268576,13.606432964643595,46.18
47.99382688602516,0.5487644410289904,0.5666701892655014,0.26197731367635435,0.34570351799494947,3.573696314898194,1.432588868514282,35.39450464923842,35.26236640877893,8.168430775834375,56.97
41.115876982000756,0.6309468798465335,0.8764233675382469,0.3562780053439554,0.6651312195101946,13.699736038738711,4.728565564015649,30.97262671104421,31.814232212970932,5.81083193486522,51.18
41.629452639716085,0.0586402402746634,0.7446155902038252,0.07000781963489687,0.4223636386347659,19.74850974137388,1.7957407947139639,40.92624923756101,26.84249629909808,4.358213820707834,62.88
43.56598913423532,0.6894195199373303,0.661683011486595,0.2360556723675245,0.8810496600413771,16.257607290901106,0.5190190646624251,36.66948838452767,36.71569164282229,7.412979376170824,54.06
34.37663648136139,0.3661109780289847,0.46610631638493116,0.0452237347127507,0.8500442805543349,39.46623315037175,0.3982825519992346,29.968369229612208,29.34315118204108,2.740922564105932,38.67
31.142246658724005,0.6011151155444532,0.7797633073387229,0.3132585901113541,0.6610298799039296,40.621664767108996,3.7447098120334696,43.118318795230344,57.95543633360945,10.837511696251585,40.56
39.12709711855264,0.18846871352769595,0.25917973429834085,0.16761742415275954,0.26876425376454693,11.80380964082522,0.31443205645968797,33.103506947620666,68.64990200809083,6.547175271972927,37.91
36.068989542764626,0.24587003813434027,0.6717137760498525,0.2537867044636323,0.22050718082787216,29.588804101952825,0.3737585008420983,39.51517552904267,67.11137487822663,12.889854544729028,36.01
42.85290295442787,0.5654928811763673,0.805057273176569,0.1038394683202084,0.53812613447912,14.518230309902702,0.3166853946137186,39.203214673704274,44.41586280519155,4.977402566762807,53.37
37.91361279958406,0.6965274901881838,0.7553504788572769,0.34768447989436796,0.7799991865982538,8.508094745432324,0.5121392031376193,43.55633913444588,31.218873461791095,6.694713808091123,58.98
32.23796699803991,0.19643527841005493,0.5263689396039635,0.14435803658397087,0.7074317502648533,6.903962167072629,2.5460416134935344,30.96241860116379,52.302625405033666,3.3945595011241174,44.73
44.07777965686627,0.20285854352470895,0.7159457371556779,0.1092250798752764,0.37627062892537333,18.556048709825905,4.428473525229193,34.75181620872438,35.96922384477882,8.439673684362958,57.55
43.80395039543326,0.693789651903468,0.5686021098660836,0.18069955906113974,0.45727654873541423,53.61361407804716,2.5197597248224737,31.02594661891284,68.61471574231042,13.530585511992284,40.82
34.963720260659144,0.4922843403476129,0.780246891549927,0.199412852913411,0.44810974328977504,18.672488564876698,1.7676738906292067,30.006559982080972,60.037919635984395,3.2595183622296373,34.68
44.6988667428173,0.3126688321997349,0.40633325854816665,0.37930148952130693,0.29490781514975795,49.01240294479266,0.49796863393666213,35.03000001849369,53.42744749740402,6.440460609700171,44.74
32.08003333174364,0.41987243635344385,0.29419110182946673,0.31843852643583054,0.6378424350815974,28.060469970580332,0.46240061999879034,36.49616371058428,50.36062436625581,5.188010160885975,26.43
29.53530297427041,0.18564790294152222,0.7162839621269645,0.058888887570409665,0.3841616147169621,36.84447809102798,3.6984401782933394,28.875317328598346,30.696523596349678,7.353416070119152,31.64
37.075624686912214,0.47059549532764255,0.7291950345653713,0.37981753900316095,0.46241053484708533,11.481447962232236,1.4676032205833787,30.51879556588045,42.741053888781224,12.470807190818785,36.0
30.976454044451934,0.38971137331493,0.894360671662098,0.0752724874675038,0.7834062138175413,45.814665065863736,2.1264240488048087,38.532374457296925,44.45680528380349,5.147923238479662,42.6
29.90580273260143,0.5095214738795802,0.7804351221405128,0.12295997334819311,0.6248576182849869,15.071723666050694,0.8118101608294963,39.281515606906716,31.034841842856057,11.383748830474008,33.28
44.37026786005322,0.2895279733537775,0.45818981485008936,0.30022910426899374,0.5826993309766033,13.450826173313445,4.281961030656488,33.782604557007915,29.624954237728065,6.992012539074532,53.35
40.19770667878195,0.5931450994474831,0.5789847766554321,0.08948419322694004,0.39624974805193103,8.24371059130894,3.7324365883340564,29.801006290495884,52.2615684523658,9.163368728559359,45.48
29.49259399370842,0.18189237328226138,0.8366936639161968,0.22889473178480488,0.543267659832559,41.87916580403865,4.53214616522796,32.47116382814233,65.56640329651046,3.3043355124890437,39.52
31.297036501992203,0.22305363959149105,0.2676157580641489,0.3214706027546402,0.9381740465312591,18.44277844562794,1.7629374099286104,32.742658357460044,31.96726450967163,11.449330600864311,34.63
47.355482609485655,0.6527550909308814,0.2829073596989725,0.21180954048419298,0.9446385189832527,47.33620095051817,3.6326418846010853,28.381836072495332,28.076985041570865,11.528205181312309,45.52
41.36863754918095,0.5304680575780527,0.49552892426756234,0.05735270028031181,0.49002087730940885,48.29451900056744,1.789211739353498,29.065040524107744,68.16091377331517,10.16812290768642,38.71
44.582146933624756,0.31725444076311227,0.8895810558074166,0.34302922775912953,0.41040855624199307,22.294495333237272,1.5235662281525393,39.208794328420055,53.76993689803321,8.270070482152605,53.2
37.4455057635538,0.5594195562277674,0.6606665820236688,0.20727397605786735,0.23157133040854874,37.189741238646846,3.2844564045258817,30.122857908073318,60.81617389122996,7.603929001340505,34.28
44.47918771691931,0.2731911236735854,0.6352955538986784,0.2471659205825969,0.23960448692995023,24.98734878988523,1.269337999673391,31.39270125231795,54.47328498822444,2.1369199434290445,49.37
35.907820120096424,0.24422229348918828,0.8439820799562201,0.194668856842738,0.6607439386139583,39.184238929121996,4.382774112725425,30.20561382688995,28.674393059141064,13.92452941201687,38.67
42.16389507230052,0.4471924852731036,0.5867857151964169,0.3143311836720374,0.9443547107265939,5.4380627176842244,3.149746364687265,40.18522036516386,38.76726877778584,12.714336619051174,63.14
31.289569239038933,0.605365080413195,0.8600479342972507,0.039805967347497445,0.7637606503659149,14.180739396591424,0.23226664481130418,32.4304349890516,63.47094258493361,3.694206521404788,36.49
42.780954124003124,0.3141337650670147,0.3039402507742214,0.0920001505928687,0.7959514437392032,35.40997708301702,3.8524581083191927,29.66214506279664,45.61469272823706,11.565275009375986,44.36
31.38377936752057,0.29815953098117487,0.43336598168714646,0.07418911155288144,0.9154586940171938,28.12111703688289,3.118766509327638,30.058817448743117,52.451578965918074,8.663872318501564,30.37
36.246336021440875,0.558340365309541,0.4129266849234854,0.23157614253115222,0.8952277979331484,35.50370815946261,3.6135616820792404,42.89173692844403,66.64409634889597,4.499298502436805,48.88
39.009522538175716,0.6970856445991347,0.5431066263175459,0.13236198524137088,0.6029459561998164,6.348580254016497,1.0505924974875875,30.53164709489067,26.256199528197335,10.666547636543408,34.75
31.370726224841796,0.38295845084165514,0.4264110841804454,0.15720710831923165,0.43664886279635834,3.207142746659272,3.5039785492108404,29.881738138479015,34.86140786783363,4.283804522765978,37.14
31.20395358992712,0.2755188807221701,0.3702850420654139,0.024486045268964408,0.852922232877372,18.890217569132993,0.6573543026066266,36.86594844218609,30.547398326596145,11.277118417482162,35.7
37.292718998884624,0.6634871145752559,0.31127833756088946,0.0805474707621992,0.6503486835464118,53.95241172295765,2.05201159177085,39.02696657721251,31.854267825173526,9.696765599171627,38.72
40.26575214982661,0.10762978525434613,0.5674783151937304,0.09496199786929616,0.7112815274970601,41.878828927552405,4.271084146685108,44.87072127162439,45.67096508439544,10.047133006487892,60.53
46.10174066612422,0.45023304459357627,0.494941485491266,0.1737250971042603,0.7684967347702967,46.34044018386649,4.077937646311288,36.679939101799405,41.701598690561426,13.346472336986427,53.73
38.87306817988423,0.43890730581839016,0.6409065557303979,0.2852291536427616,0.6148885212808743,48.518478431788886,4.3266282285138375,35.51838165909824,32.584125045649145,8.91986856525321,47.88
38.467591479074706,0.628875578628078,0.2651141799170561,0.1149674019340802,0.8493423847419639,51.84949227715469,2.244440358572329,31.274947691295942,43.91482734294706,7.473997345089632,35.84
33.48706160365902,0.25320781462593456,0.6589113419422643,0.24871766039865575,0.6965768863365009,22.618819126274218,1.8149928247994822,33.976157440539964,67.80294184703507,6.742941237731873,39.09
38.45686374333077,0.6195441803964198,0.45838176054563534,0.1736577777424682,0.8320957165866578,11.369795929555103,3.05261382980144,34.798439529944666,69.36062015163525,10.656609401607437,43.93
44.789478008932875,0.5070667765178525,0.5926726409078502,0.09445139035372684,0.3119874878057677,35.676777268637736,2.3117133095060667,42.64754530792921,36.80681066249521,9.650239770154988,49.46
40.72634158186577,0.08142401744021366,0.47419519877006916,0.06907424634630055,0.654450497167606,19.46985876524205,3.9033565648483965,29.94810412731031,50.0295880113659,9.124134355299859,50.16
28.719714217009972,0.2503561120132119,0.6263528075883384,0.3850519980648826,0.26808763249149725,39.564464206961894,3.525037386189329,39.381062139559106,48.22663036894908,13.601911407321726,29.34
44.76594158398416,0.22063839186853146,0.7644159495147986,0.3986182935755733,0.8825644908303201,18.81172937510116,4.261555884072317,29.619371091488237,55.49684018258737,6.105754795840239,59.18
36.2449801515893,0.05587154738645959,0.36189358783356573,0.0169544931433264,0.5204524420998885,46.68370690986552,3.742384443080376,41.411507166149114,61.32398419621281,6.4632774565217055,52.71
38.16902340170802,0.12358553600844703,0.6186994854897919,0.2880719116001342,0.6582258643349708,41.79022860489518,0.7706780869993124,40.94395208768101,34.36630465158144,12.521921874074394,52.95
37.839847673808805,0.3667230928268122,0.38819522427440945,0.14468383376783778,0.339197561806694,32.64523626784457,4.582534521600705,33.38232873014806,47.8628174397156,12.342567342903795,33.88
44.625206569158394,0.34015393236041525,0.5081697266976113,0.0628959848717368,0.29373411831996055,34.797830703313366,4.171200918457859,30.30191027645329,65.95422757481444,6.306557622372037,50.73
45.88906804036258,0.632592692708914,0.5674012138381004,0.11070597778133635,0.3289546042536319,17.12216246638842,3.9470115086005997,33.51804363763204,56.25526574648539,4.342409867355165,58.37
35.042124321176445,0.37734801015814984,0.5989617036441235,0.3963739858537781,0.8749212853919017,39.18505683125792,0.9379686585460099,43.62348545776671,65.16637318186,12.640441160890866,46.93
31.414134221221136,0.5403620897297989,0.47196052729329646,0.13782731587689398,0.49308650941945803,32.07166898822224,1.800890387571963,39.72865038696801,54.14757080846482,8.106351365922805,28.28
46.730853647423444,0.3176025840282536,0.5146172360001211,0.18241300489726628,0.4737709686788519,38.07857135213651,0.2668049399544765,42.849641598281536,29.609756137130212,13.99656410125781,56.2
29.32492948209368,0.41558408862744656,0.4319154547259303,0.3812172892504935,0.7666032535864136,29.36476276971869,2.2629315176358777,44.92977071842212,55.03228382323424,8.16715690869489,34.64
34.491657148811235,0.5085226254710591,0.6115198604342191,0.33927393412157303,0.6151705424775308,33.28123228685415,2.491311175247266,40.964556086948136,43.674647924433316,12.22327525675898,40.32
41.85250092761931,0.6304310844147739,0.7383517045872847,0.1370432570063805,0.7297542522130798,13.763210359718629,0.479192381368685,41.453489573962464,61.360410185424946,2.27517126698717,55.4
36.91799653810338,0.6384268958330029,0.7517221679514348,0.360261411123485,0.8250317248378014,53.64775921851486,3.219684806123777,31.863400399892534,42.53034088298444,11.022550983428975,37.04
46.5968467235804,0.18343129385880547,0.8131823167257273,0.19348957793543514,0.8304651112785055,52.83137626884451,2.226307769963479,39.84227719560436,35.20229215342083,11.609428600142461,62.07
33.90491408065592,0.0656914956059484,0.5018436762458772,0.0680002136980848,0.8139133102016547,16.577058456892125,4.7297254042233305,44.52075233830712,65.89761658317076,9.195373732474092,56.95
44.145168296660714,0.5060369977852093,0.8840178429351837,0.15090080292649538,0.2440759993757901,54.91608909962521,4.223665469306602,31.765324701075336,57.653253965484424,2.0082821007773384,52.12
35.25676482003257,0.29786647680445744,0.37116386432045306,0.10993808625333763,0.5410014978921134,15.903541844844328,2.438911744973302,37.814911249697744,57.000014028362955,10.125747808193815,38.97
28.783791808562263,0.591243212960535,0.8106189900752152,0.3915558078933086,0.9197836679271407,35.95832938803517,4.492504178919575,35.616143128463605,60.43010378762693,13.464014507080613,31.21
36.31530731903601,0.29554351059339723,0.4040799279311257,0.14682540972553101,0.8154324963441522,39.47801670336599,1.3994200618002772,40.09609718590675,42.07279597179964,8.693270084439744,38.25
38.4325870577168,0.524372531810154,0.7117914554343492,0.30127303172043796,0.4932790966176471,38.90576303149441,1.3458158309459964,36.116283147137715,51.23981125614745,10.237786247264307,35.25
34.095372730795816,0.5994358445192237,0.4177869764065315,0.2207637676141308,0.8210748855685994,40.6037794740239,4.341774410611182,41.85298027277835,37.43562678705417,13.915240060541734,35.82
36.6034924247658,0.08068615919776956,0.41244767123239107,0.3344610122385707,0.9131528146241252,46.2469416215139,2.1043675357020613,28.961120494667632,48.291227980429326,6.516590106357889,36.98
30.11706692778211,0.14947397437646226,0.3440765713692478,0.3015145637461888,0.4862776028755309,25.72078277014929,3.0722304079189664,44.32226911634427,59.041107200515235,9.748551366574413,33.65
42.38585042237175,0.4986620196462798,0.5474849836498996,0.22673883205599146,0.5461185998367102,23.537841846443897,1.4996867444300142,34.03862442146063,44.283832778934446,8.952552859813832,44.03
35.5238693720326,0.5095018773235099,0.43302445904881814,0.0031823262338551484,0.2632524674975313,28.843917734451956,1.104778420507379,36.40858099174696,50.839241743875505,13.201254830832255,34.5
28.620814452668654,0.2974748368851489,0.755419879547077,0.10422498239597125,0.8937298036251808,30.508556845309162,0.6437489207465878,32.10839918306476,65.78346395898981,13.897517014097717,31.73
34.413533693038424,0.549732358131564,0.35555935051737897,0.1538089149792511,0.722876096450523,53.38286963759721,2.308151728550754,36.42921915756672,34.90758380279745,6.838672912992381,31.05
45.17171791253678,0.06516748298923025,0.6784672092153461,0.10928868058166681,0.5570820740248712,17.641038885187392,2.120339206529141,37.295224069123776,53.84020351444876,13.283433717189396,58.66
39.69715025947504,0.6361193956853587,0.40316226556523976,0.3460199924501924,0.9181663222923868,47.06967269259951,2.9353304064396655,40.27596417988602,46.64796408479697,9.16706965339682,39.12
33.0224111231109,0.5651556296514186,0.5543632048283622,0.07074930137274907,0.6826515355283331,44.20619913982399,2.930027932752173,42.23635761685821,41.46408763391443,12.96521958784931,37.75
44.06318649863126,0.22744033115790013,0.5122898183320417,0.36384696469605815,0.23817166287641117,24.00704910528539,3.945529558658412,40.644849733026035,63.32302738462148,10.87268401614492,51.89
37.96519110700092,0.45578839395463905,0.7933940309921585,0.28067637994253886,0.2765425391552519,22.083815534929165,2.852435831992986,40.83019824564667,49.4605405968358,11.330590896605504,49.16
33.30256540590362,0.4504638125553737,0.5899772642365481,0.09092690106194712,0.5674085669276236,31.525550797573306,4.12323140098815,35.83681936891877,28.641219211417724,7.847551498786486,32.83
39.425109046550915,0.25726239800644163,0.8446796635889808,0.062260553850424706,0.44515823936997667,25.73100391273816,3.7422938620442068,42.207695466137935,27.635221431033976,11.504429845563134,56.28
45.893046096236326,0.6352879440366024,0.744267891062314,0.07608107370547482,0.435403629992038,51.6886243401219,3.0712318392985174,37.15893248461789,66.20692480197994,12.490382889195976,48.95
45.64504608319087,0.12399273517706456,0.7302807766199357,0.3862560808787472,0.2367325942110533,14.598373893112978,4.011048266554011,36.84080179532109,28.897825954356758,5.215496349872254,60.74
34.42125443691897,0.6204872871547407,0.663425520150629,0.2939669113476048,0.2101775666664137,25.230624153942454,1.725539014714529,42.482731838082955,67.92413442639332,7.080090195044063,30.63
28.287184080875363,0.26171761273559374,0.7424518245509648,0.14403985219001322,0.8907217477834373,14.360174409902786,4.019200291174931,31.428938290842915,33.8697212952777,7.348992300599292,39.65
39.70909923804697,0.46277138166782705,0.20681287072803134,0.02264608185270607,0.2502005192457676,45.621393082384074,1.3368901844400107,33.59024913885862,52.447875038304126,9.00745181183983,36.68
28.08600412069677,0.34224167378303016,0.7172178310040163,0.09409572613018216,0.7312685077053636,3.787946630498468,4.558437460709753,44.15066653014844,25.11076675410517,7.4938209656781485,47.12
44.83766711839013,0.4014690343601246,0.6279558289552356,0.08100240123456898,0.25779850099781065,39.00121705349651,3.179244761453256,42.149588477715724,63.0107551348925,9.572423287675239,57.93
46.28016538023702,0.5708216883040061,0.8176974964773047,0.39833635930959715,0.5026293408248843,40.280602439119036,3.502725513111576,30.960426126657598,53.64468698618694,7.137071310546846,51.93
31.602759797081138,0.5340805749883796,0.6885586927747791,0.21291605560086546,0.3175393934193661,31.956968838570592,0.6806404263056978,33.76932444441836,41.75610292567208,12.601104710487736,21.34
39.96939737251594,0.6186063421375895,0.49803160712894073,0.35348140802829286,0.30234598439497984,21.971844172317912,0.65469079551903,37.535803697781844,68.0776927183511,9.883422023855182,37.15
33.56317264486277,0.6552193931050291,0.5300743493429863,0.10680082121832767,0.9407749853247556,25.002444557326427,1.9831951155658119,28.594341544080184,33.02327379151072,11.710296260867365,24.01
47.097494538503874,0.10452577209532785,0.6311604096789023,0.28799365901732615,0.6658873448484526,30.553633126544486,2.9758319376258124,39.72234305339914,63.84685946368881,6.03613573141623,69.51
40.71819173234341,0.2542403690121908,0.32514800616268674,0.38646750271125324,0.346046666597178,15.102120960917038,3.1696932823164436,29.315261268665548,26.532144421684297,2.768163245664183,40.58
36.583937242683746,0.5890194182519193,0.4393803251668691,0.1710125658589679,0.6501883196269003,18.711510132435585,2.276181818086306,34.567298676694136,40.38475937425089,6.66071803378445,37.06
45.72521336243169,0.685275418341649,0.8037473339912968,0.0022969096216966635,0.7631641600209664,32.8012089745091,0.6520395728372015,43.85860529295316,59.92977081501866,3.743555437377124,67.97
30.5239750562128,0.3455419210310342,0.31128301286142107,0.06007631802316178,0.9258543037809577,32.75038463240169,1.444039604926412,41.198789304731065,64.38599796861283,13.011247241453345,37.94
46.11163659510591,0.4653060573522708,0.43972665486494,0.37022707097555285,0.2918723960002895,11.777590382642511,2.2823721943793305,32.82230401762409,52.70797664007421,12.863623075575479,44.07
39.077411868370646,0.32503692383771005,0.695298411983157,0.04027551193848553,0.23644241444492117,36.34960067052447,2.767417016739929,34.92508649332942,40.02966888456274,2.6216893285175065,44.54
36.42935071641435,0.33942422568775077,0.8254113959883242,0.2950191530093915,0.36458236151996865,37.172657819132695,0.8348255288175568,31.299085753486434,57.13671583295955,3.5106850189987706,37.61
45.961205359670785,0.5299050608830047,0.850621662348714,0.3527333367844814,0.4344345664814844,35.8836265930139,2.017739254984512,39.85077363764386,40.680565974291085,2.0158084625607104,61.16
43.42024652445548,0.10460340910196966,0.6195958782681696,0.343111404943677,0.7558259276315846,24.498817330616117,1.2013002334071343,43.68313729161107,50.4879856803277,6.86504071120467,59.7
32.30035487743822,0.3374832170948539,0.27605199641445444,0.04995210435981528,0.4989471919976263,39.38233851122516,1.8266909319400801,39.72316553425104,61.233571116357666,12.530934975840037,33.19
43.474633099461826,0.14564237944561176,0.688783605309534,0.14866498624000068,0.7308449732711464,14.118860714415836,3.2959554507247772,30.133739480052988,32.63854964455631,9.373543101974716,50.42
42.07556146227617,0.49535363301174673,0.6351437931785548,0.29221621649372714,0.7954514304977478,50.39401068853485,0.5864759815124488,37.71633325123365,58.694957512918045,4.603297480038528,50.6
33.339286886708415,0.42201643145843676,0.4563193979259618,0.26643789604863966,0.6576797614759522,37.16981532135853,1.4111245606842866,41.04531338899095,54.88159978459123,3.567795351577411,36.8
34.0193029261293,0.6584269800951752,0.42844490452296335,0.007951633066127695,0.30621930324413743,4.6729348298422675,2.13362837188744,41.55160781648497,45.26961012650515,12.067929617517759,41.81
37.394457282895274,0.5615989918841235,0.6723055523577655,0.3411302148561868,0.4053760429321813,29.04424140697853,3.449017176042695,30.86432925469939,61.711302160466666,5.737640609491674,36.41
43.31402581363921,0.5082616868257871,0.8185758272991073,0.35682989817484967,0.40889433843618317,36.35086431132664,4.995790381625562,32.14471132383822,46.27945008513781,12.921996375686103,35.75
46.5649979511239,0.3673011364651545,0.825128552000401,0.24854856433075204,0.7035766602673088,43.195259074255645,0.5222532415240065,38.67206176367387,66.57717601473365,13.473484687519484,58.37
40.91665758535874,0.4616364512811622,0.5867255467441055,0.24302134366067574,0.6590884477873704,5.2052299631278105,0.6265821724804201,38.53008171999224,39.13973935173184,5.617105820118809,51.73
44.02139938868177,0.6768135274184094,0.639430602237645,0.3781679582425688,0.8629131173827906,14.332202878517624,0.9369243256489825,31.596975353986426,29.32942227395087,8.994550003843504,49.72
46.2583338950286,0.44871505259770317,0.45172738903811194,0.39385625278575265,0.9148958719189026,43.48799223607841,4.0000816421102465,44.61359223591633,52.02053001879821,12.560238191982254,64.27
39.08125038908645,0.376635620654411,0.2264067035545943,0.03478079412965323,0.21637919301265487,18.28878023329521,0.45685390167812673,35.19371464093363,61.57358851178129,9.365957701237793,41.23
28.63013374219272,0.5956921341663137,0.30233326556809353,0.12106035041299479,0.5875954212000398,51.35965841268424,4.991116008192621,41.30523162156397,57.819140067736114,8.332187968544382,28.16
30.888483508567074,0.22497747837365206,0.8892500044479592,0.3918460092582154,0.4422292959971098,15.534525773721084,1.3016867591236085,36.242694519571394,35.06949609059975,9.781959590608333,41.05
30.073544448384535,0.23000727870827037,0.7442102633648997,0.1293158156168048,0.5531125867128888,37.14434639247744,3.9849916254702746,33.22085336081909,57.89362350238999,5.432808852215992,34.59
37.01760281589383,0.6523080825778915,0.887465370354789,0.30964924307611685,0.8865982517325739,10.098220585257938,3.34142699622999,31.37225500673094,37.46358272376017,8.273878894587538,39.73
42.429881483909554,0.6151485722720781,0.591492396488611,0.37053706135582964,0.8659164467652449,47.1509894529855,1.3016965174608766,37.034615884182344,58.130646866960966,13.713230094135078,45.16
34.54229067890198,0.2725276641808015,0.40197419884729974,0.3269697199051781,0.23380357748255307,21.690607000440096,3.616086119724969,34.91457522481872,31.48286126615122,9.33022967310905,32.96
47.63677672231738,0.5365420424287859,0.8903231914919789,0.07454105644640067,0.7711962569584268,31.685187424395668,3.6200455961658444,35.94837486263412,34.557586887081264,2.548839961581494,61.92
44.296166971733186,0.15565082696111862,0.6516266296806883,0.2950934802128646,0.618218746535893,19.495902960997476,4.428540330491811,38.92149083820432,57.40978804062327,9.825374354027984,65.35
30.90134289868888,0.6496863589023537,0.4000675585709511,0.3346204892119832,0.8700381530726855,36.86362754632214,3.0718436580259767,29.853819589916878,44.62995517358327,9.3397326157777,17.55
30.22924022955088,0.6957628158196857,0.4325639056738162,0.13989299491646556,0.388646862949919,36.5930280137024,2.470764256672625,41.43732627534957,48.06226743351041,2.1849917634045886,35.16
29.103745811895493,0.5874111473129277,0.27956065948929043,0.08678160598632632,0.5449739320961217,13.149570880821553,2.7882558089457516,35.83187321559399,67.863517491278,3.060482759895364,28.24
42.407992192879675,0.1329575558863066,0.6455234894301811,0.3456956216679305,0.790666732571117,51.628875902311016,3.6588113443565353,34.697776104429394,66.42031230658648,4.704281211377609,54.52
43.31315890189339,0.6169827585470614,0.8415794917657371,0.03399025979294525,0.7445443770906464,13.613423258932803,3.9397733191368816,39.91172544287135,33.160856137013965,11.99396206903434,58.38
38.87712303802087,0.6814124398032534,0.6596379112635091,0.23542525800991096,0.21257207927282576,13.359171424884856,0.32751402103970123,33.66631123717454,40.502875886229575,8.363960844702127,39.56
31.586903437926264,0.4410753735263325,0.8418833921702349,0.07400314246368316,0.6943160226990229,5.370635345099184,2.7495086445973964,40.606167370798254,26.531880153556436,6.003984693710413,49.95
32.50959591600078,0.5198684603572026,0.6285667917492463,0.06547506638379796,0.7562806354863736,30.66821163767428,0.7377238434861595,44.139313855509585,47.138291311459035,10.940970017636037,34.64
30.743664188087042,0.5318494044844471,0.6716769249908674,0.109643075081557,0.7597125766367867,29.259597572962136,1.87326683190755,41.377160897154226,52.75522363939936,8.087220391663958,35.2
38.89656719612019,0.6600473814068326,0.7726389849512341,0.14327502909607878,0.5486894379096938,52.78131957216019,4.4969810950108,31.250154139783294,37.343672477050696,6.373046232343665,39.31
46.548346237905285,0.5715211565216894,0.3929959122421835,0.35482592265409263,0.22466084445552387,24.985781006306944,2.0126174351923405,37.09907330037775,50.2288250755673,4.704853842121507,51.16
44.071331835843104,0.09952791859589832,0.5453002307034318,0.07665856263907159,0.43967541884073325,17.419309796944425,3.600906684546579,35.75235025600734,38.47488255007467,11.976223975762462,60.28
43.327212909472806,0.21140329263519358,0.8426134558387477,0.002223634147819542,0.6174975030195045,35.35777916943488,2.971041596705122,41.85525996738321,30.047380363771506,6.986672051511011,68.71
45.77470577057982,0.3739238621051975,0.5905768257090558,0.30556337619596025,0.7847077957239812,49.180227574304766,4.250515516078607,35.045196318693,54.238899691224546,7.798823094340809,53.7
44.43361840010125,0.4411462943053293,0.2406036426641388,0.270747311603589,0.41232577692282635,6.601790853267398,3.1116267904814943,40.44754712019714,48.27779324446714,2.0677792828411095,57.48
28.1321815063592,0.6521653958431266,0.38711361040753645,0.3484026413988097,0.20908196646265292,8.055258545592855,2.3667598620927537,40.89632544389538,67.41527652252864,8.253137782021158,23.39
28.891090798343622,0.42941115663016255,0.4660306351489736,0.3636533938700164,0.5600444171300005,42.80324312274835,4.2714105354314995,29.670719398521822,44.838083849031015,12.724609172147744,21.22
39.303085539347705,0.617517565744251,0.3628155106828549,0.3578326651293854,0.4977713158922115,33.837733090271385,1.7745895139160952,36.96102391391303,27.217861136012612,2.7831197028651604,41.57
34.69903846867157,0.45026467667882025,0.22653711693066436,0.06706746789475652,0.3571939205943441,25.905571963549622,1.384806859418973,30.340265658731422,51.890815320209704,10.926463733638663,27.96
33.523601904550425,0.6053891436385266,0.6282755255991815,0.24586668040296955,0.35963633878734297,15.595070141479983,2.478801043702903,32.042957527689936,55.96349814184194,5.702654147069099,31.99
31.032277075469448,0.1326980561622544,0.507825055276462,0.001216014539049004,0.6067792162268981,18.51175199181662,2.8518983886090306,43.902232028506916,64.10714245825676,8.917158079261466,46.41
41.96725342165013,0.6500405662059388,0.5426829475576849,0.039723089634127455,0.7745661503179926,3.5449160025079753,3.8702647022752337,29.44358226607169,29.79774584648291,11.380482440138312,54.32
39.23806258673276,0.5833803752616258,0.7959579575206344,0.1830049022625147,0.947224015290903,21.59415686123358,1.0232372797798317,42.381599533038155,43.70066258016986,12.493995814743371,48.22
30.22104223013283,0.07617722979557559,0.621407672211687,0.33274567244659986,0.5019955877065039,7.7161633828932334,1.9926503716685764,33.91678424977541,53.95623661438516,9.825819545556005,44.18
36.40353555051055,0.46763444243219743,0.3812028464330243,0.16283211461139105,0.6602711987337642,23.949276464734897,0.3481326635147258,31.7844719223016,59.92364115094857,4.982048945000368,30.04
37.33815651403648,0.3573987391782307,0.7393613507319645,0.15331740520635806,0.3788604441142782,8.461683589306524,3.425167405610087,35.989023176479016,61.4233096315057,7.492096502891677,49.38
33.97704168149475,0.17962811741123258,0.7813058612539252,0.03808454837870654,0.8765957925137344,4.399275864342226,2.706811209114601,28.99158555656843,60.08232045893348,4.53795828870936,52.05
46.32892205181889,0.47201830814807694,0.3248239754817408,0.3186711075019603,0.531109705106262,3.6851903938233472,2.536471856517608,41.81223951347678,44.34809338751259,11.101136605759908,57.72
37.1382463467657,0.26013368026654077,0.7085780010935094,0.14756736709534618,0.3275653300464888,19.68487919945493,4.408828126054631,32.81761490633556,35.573224068013126,3.601040848766746,46.38
47.533847083992626,0.3989049377193968,0.7107511224344882,0.3091893787474821,0.4642377460403544,44.54310732838349,4.815124373216234,40.609951454089085,57.027990699825054,7.186805438984241,61.03
29.776747502466993,0.5372944129572665,0.45339547950000003,0.22638956631911655,0.8697228274227704,34.46101711763271,0.3227913457398374,40.28428237389264,66.80610277916377,9.704143343726711,32.01
44.505915106838685,0.6098399839395755,0.4408702818845924,0.18966541084347247,0.8360251287722986,50.34072589643567,0.9048391964467828,31.086050453055226,40.60733200247205,11.243573938152295,38.57
34.07496459934332,0.6070649542104606,0.4432884847890104,0.041122897235758286,0.42655134958480867,44.948730319590034,2.568701758491883,30.916737184349003,39.06845676609721,13.442975356083275,25.29
36.83198509612186,0.14949524132873862,0.4131880132299993,0.3258744531760186,0.7896492308024474,25.645937545038507,4.489530858354198,34.46440159006798,63.89483109198703,2.378786607016432,40.61
45.101369560396705,0.6358512149583133,0.7294968288542676,0.2679463267582803,0.8116286820967245,39.793025787550725,1.420260581432856,35.92602731181269,54.73172490487718,9.053633085419651,51.17
37.47689280775657,0.16569179571508408,0.3502074261890171,0.3384226235437163,0.20654071566733403,48.19477882383535,0.46682281089912686,34.65819395751989,61.00793023505331,6.891384521868789,32.3
30.005976690515663,0.38250244718287113,0.6077318125993064,0.35634743889489645,0.27021605475439503,20.607235634715874,3.364870855504825,44.65881139162133,63.172344578103555,12.157940740350675,34.61
39.28598244172996,0.6080770611524238,0.8087379103797316,0.3209098261888447,0.8139284563884317,48.74075266804587,0.7461532692412631,32.9748694073845,68.92510902791234,8.537313919567943,42.75
38.06111266399054,0.4697597139473343,0.7797553887563602,0.3248706904093872,0.23693111999931252,26.58329932256523,0.2987314696976389,43.098654102326265,32.82577339833812,9.498496342011663,44.65
40.51058869285731,0.4162208048404152,0.7009120741566253,0.25044398640926663,0.2677251850781107,22.07193345238689,2.823648492486329,33.52835624026901,59.21488981630978,5.814772580659902,45.55
30.934674419629676,0.5501051672408186,0.3284258085496322,0.21120611216486496,0.440393279722942,36.141390670806054,1.2211539672396672,41.521965466982174,50.81127398648981,13.48727784911209,31.03
40.14791079006502,0.5889531487901218,0.35377779743324367,0.2530969843457829,0.49280288719613874,41.677130915614796,0.3174531655580761,35.27110564095754,54.326585582481364,7.527672037305923,40.86
37.28698503358872,0.602333941568192,0.3447873121086925,0.1468688654518573,0.9427516411250958,50.46649278230336,0.36304804220794723,37.01564344923425,27.94358620815476,13.08685908389253,31.45
36.36874007856004,0.22741492069555191,0.5981732862745077,0.05799948919735712,0.7992162504016604,28.54293793202235,2.9190218783079707,42.29368071012685,33.331694824822705,4.102196880105389,57.43
43.722564823892014,0.08805460978809498,0.7566191427291218,0.20030263743672394,0.6213225874611685,32.348068790517004,0.4696034669970571,32.246103561208464,58.9883853181614,6.947217433871404,55.52
46.897372440530944,0.08007664940628481,0.5147762559716738,0.14450965313915926,0.2798370696460559,52.44130613550949,4.8150060307930085,33.295298621219914,67.60224748100855,2.422083280691427,65.25
44.718640328173294,0.189314643527289,0.6196830077542119,0.3193197449477212,0.4394742230058343,21.39509318882714,3.219069322846048,30.500598865868444,30.319477437508386,4.997663337433092,50.42
35.33198452823113,0.37978284407366625,0.33681538976527287,0.07764226693982877,0.6878384444261074,8.635513097159595,3.40563549063875,34.8119314899314,55.207191112793154,6.580753724185864,41.98
29.111123384313085,0.6306432526779149,0.3880628240666667,0.017016883986192655,0.621803316411637,14.666419979817011,2.404174991283775,41.63934150305576,60.61960423366683,9.204627395400976,39.71
37.27502190491994,0.07560245373062867,0.7735976048673314,0.08851754802274431,0.3321791067477684,6.640515942257562,1.7739197294654663,33.544702439921195,38.62471893849035,9.11831527722413,50.94
46.755334372946784,0.11113255114209593,0.3052672827417029,0.2359370042098269,0.27360169540794527,22.27974280020167,3.197850706620977,41.26926554466065,34.791967935611424,10.015826769164143,57.71
45.19232252516629,0.25393587224659375,0.7250643054217236,0.30079994577659785,0.3793959064934431,35.300207563438235,3.440778020808628,32.665283014578655,45.330999791408765,7.2293327270779155,51.07
28.013825118274873,0.37566729744685057,0.32903856949466803,0.2587367872221736,0.7102766472282123,29.058578452066328,2.801741800565169,33.35598921393787,39.09952056851671,10.941404718204325,22.28
43.43006629386586,0.4757585680412515,0.8191322792588487,0.10405787687991902,0.5796342888621531,5.027454599520059,4.580031560262969,39.48165483154569,53.02938620821487,10.792270411839239,65.94
40.077205375044684,0.5705992417634094,0.263206111292845,0.3835267557161197,0.8689151018759884,53.07697936312314,4.080072843351701,33.003288571468445,51.16999604355945,3.441949066860784,41.83
31.072793319856274,0.6134355577007508,0.3683898667589679,0.06416476291317101,0.2531782727682294,39.9909866586422,1.093778129144112,31.36035280504924,32.63634717382502,5.669541469621931,21.5
37.73243355848644,0.21957066054874835,0.3192735317931212,0.007560567882175207,0.4737444853012606,8.723196659756272,0.32965757921198036,29.75065500090916,39.33346823765829,11.010364417259462,45.21
41.573478475131644,0.4533526437208101,0.8173931438267514,0.07359480338882363,0.7957007792592306,47.97299128649991,4.887123831928337,41.745339086325686,30.569569036863264,13.365548121961169,56.12
32.24650368909354,0.15737831035509187,0.8554899052802669,0.06227945044235139,0.7828275390568151,24.07348122168423,3.6742652743652418,29.56147346283303,57.627622948231114,8.142936527828965,41.15
31.76796834487913,0.12108145068375095,0.33735420893940604,0.03143014689975199,0.9351129056463079,9.388544547386513,1.1640845388545304,41.76465770369862,36.10394780658039,4.667520082286454,50.47
35.97530460879658,0.593061449970203,0.6467885419638173,0.11528588683379076,0.6484424567147723,48.05600432049041,1.949518210651817,40.52000226591197,43.71248411697192,8.516880773341997,41.2
37.098990446833824,0.11188878539520268,0.7075038811304653,0.2431225060740556,0.4451972452919588,6.966638696427447,4.643851817743605,33.355063249310255,37.39195498285331,3.2120596510110038,55.98
33.31306910779227,0.5978545034376556,0.6779367485387708,0.001565962323762671,0.6242559587495213,15.055403194625915,0.2737621761334397,38.529241770786584,34.2211462092442,12.79562971943875,35.58
32.18370219440072,0.6864328357967069,0.5825090966277808,0.06618886885055009,0.5879316276268056,52.88615102760116,2.23620910804265,35.230873702210545,45.750702500115935,5.361242613853866,33.03
39.57855406736853,0.6312301278664084,0.7150108193309936,0.038474963055020565,0.500636732041571,3.2753857550861074,1.6781138522579666,39.37940207443946,38.06054275709546,12.086699829141997,59.17
41.383363256798845,0.6245123951329642,0.6779672160545959,0.3589304817141891,0.806049016943978,32.4873407605083,1.626718880083877,33.06842087907305,64.38989904362603,2.646610756862022,41.94
34.54119600384355,0.5302661888787135,0.4310208268462138,0.3813205556932643,0.22735552261754435,21.372581585296455,4.363813025730772,32.658961165328556,37.40287644669741,12.785021792823395,28.91
30.115423905927784,0.4271169414150753,0.3563766318379479,0.0860553087059432,0.6615529901776718,9.441040536580656,2.4549392048142846,32.34896948246896,63.426511265981084,8.653930788417584,36.6
46.52931305443611,0.5848827447643886,0.38570456125613956,0.38442036312164474,0.4008041878565346,18.217442346442773,2.0526241006629333,30.801688747727646,55.915726242074555,8.688047909933525,45.14
32.81750451293066,0.16065007628947958,0.4510363748756708,0.05844347340323548,0.9096132711249576,40.30722823720924,4.0217199423159835,40.716741597325495,35.92686286477091,3.6878796562428384,52.49
44.580382435489625,0.2648349635904995,0.20669405955982004,0.2640242808485882,0.3500473031398731,31.22742844436528,0.2714242401229706,36.65044754556681,42.712381859524434,12.564943843792403,41.36
28.720563098057912,0.5631895578152374,0.7538592180629624,0.26536381933324593,0.8969725519277465,44.769183438639075,1.2507135900893804,34.48628004541348,40.74654500963679,8.058893797272844,24.1
40.31196736895623,0.2534103886230837,0.8590624168698071,0.28010858913187886,0.39956039261150256,50.13866397771593,1.852221909453275,36.77559168493623,46.56502805603877,13.083570479590245,46.86
34.666134937326255,0.4791041191692514,0.8206309920395809,0.04595363626754141,0.35741263917909094,52.29779308917993,3.9310261011412666,33.88318604729401,41.09356636358327,7.634406447996025,36.53
39.22082209302732,0.5544779691239954,0.23791675424609907,0.3276162970060679,0.24353851381434927,48.81064410113201,0.4076212896679945,30.173151333439645,33.108296731767155,4.6766093856757855,28.39
41.10964013754557,0.6301921982400557,0.5671519670955326,0.21299589633888327,0.4394788234622632,44.63538206390414,0.7303338949673477,33.11875407118918,29.364163618261443,4.570169825914567,33.27
30.519207759618244,0.11540156692128907,0.7781375680077176,0.04731965123765494,0.6560400124341149,21.304581510496853,4.502562184525982,40.02835062573971,27.674360418087716,12.745617326111773,47.36
33.964548979681965,0.48730831401586266,0.7025817448629097,0.12130031074834427,0.46374240949778406,11.129186494347906,3.0485291110840365,44.26745390663757,43.7481008054527,13.954474179133214,45.03
43.921989180835695,0.6532703648492668,0.6816380468642755,0.0437305157243463,0.4449060153788414,7.4546222852191635,3.088390980395843,44.96852975570183,41.863957595586655,3.9553405103151356,66.65
39.41603938420378,0.41982516144227516,0.36087458305541426,0.30028189621513,0.26600921862002036,35.39809470372916,2.243354954961833,30.161975337335196,53.54731384430444,10.076593018339155,33.56
43.9598563893083,0.38105577986681555,0.4000281164689796,0.38144051117526284,0.9080330283124032,7.972312525353939,4.74119015623224,41.18320047255138,29.798987315075557,8.231903262226574,66.46
39.777141411217535,0.6565719672143214,0.4577468162398206,0.20345006962046322,0.370670244427007,31.129204476302412,4.052358409968147,31.659390656932906,49.90690428840327,6.255719325414972,30.77
42.04077323914406,0.5042132764741553,0.4644621936070764,0.23971172118819123,0.6883138877648542,38.40232656322592,2.9612304993803473,42.73568069599482,36.195936067150114,2.669681472336518,57.61
29.21467453247737,0.6369211762647705,0.6285994558679564,0.3674961541258398,0.6237154479219793,45.69245372562597,3.6621932635257615,36.9269062722314,41.34956154791287,2.034308248260108,30.08
47.03533616947887,0.22905020111224433,0.7262967098635402,0.20339904581253437,0.4313857884910995,54.536859346043784,0.425477012119012,37.895310810058405,45.768319720437006,2.918316916424739,64.17
41.884839473557825,0.12041360936573177,0.7607175773847987,0.2500243975808454,0.27564319616270516,17.914360695688863,0.8584537392649494,41.55922202448204,48.983183130655014,2.033959240599038,57.25
37.65607368529902,0.46799966194512826,0.22439083884089728,0.014170316773218916,0.4620260788215176,38.803981000397336,3.3994788444257393,32.73048084657433,34.72303950533032,10.197507168572752,37.35
39.135666633889095,0.32566411732868256,0.3673607725546471,0.20811923573298594,0.3628757424671023,32.3447234885606,0.9150744138864484,34.896779505553056,47.96918508871624,2.3804123365259295,44.78
43.00630586995007,0.6714478158271755,0.34218844672508675,0.08347814689983149,0.428623118171628,49.319729947759086,2.152914385725787,33.13049482229123,58.35313518457192,2.4558821309317094,45.77
37.00379982152521,0.4561578369827262,0.7117697714432887,0.12999535421810857,0.6773128895174318,30.265092553971723,0.8430454898733277,42.98934553616423,58.95655755238848,13.059849610748344,46.75
32.896131209421526,0.32984204633839304,0.4708078978114083,0.014328773052862466,0.5079111147341651,20.96961160788472,0.21883417376422332,42.40109540455197,31.474349125353392,8.011426008623168,43.61
40.08962738199618,0.16007829649872307,0.6327477879655781,0.30303875777949446,0.8410733871081348,19.56999550635162,0.36282272257289283,38.33511950952942,35.1595829564758,11.370740887335097,53.93
43.46373709351855,0.678895280208911,0.6091831766039788,0.36172542016404396,0.6814200368555332,12.450706002331572,4.036679261643002,39.79287661163316,69.00728999537122,4.921183867288928,62.13
44.429820532047444,0.09087823872182726,0.6432398352304585,0.21419042109315006,0.3266164042006676,11.586328881532644,4.088948582019101,28.26256764244047,58.607864813947394,10.792006724053843,52.49
36.19035326162532,0.06840844429073456,0.761243667805112,0.05028288152257652,0.4105906131197793,52.23271219314257,1.6489329272776216,32.337365556713664,68.8016749920282,3.0311864251480265,46.53
36.766350297635704,0.561987533097008,0.8190512572602935,0.30225428907310636,0.9321312737021403,3.8759994155618473,3.1736314639589103,29.977885432043877,65.96632332721916,13.223686488312708,43.58
44.55417070365996,0.45967912400174377,0.2703421491395407,0.2411072637313777,0.9320427795182513,19.0208905482976,0.20547572550081147,44.60545851245404,43.62925378527264,7.171193214120594,54.29
40.08770774288848,0.2462912980027928,0.2699845150591771,0.3309450079788783,0.5625328822598019,37.9686632696295,4.330422560571899,28.30128044784878,63.67233746242111,11.021543117081215,34.66
32.671816105375676,0.2595745191786463,0.6630351198287636,0.3703171954644933,0.944502021087043,24.670357830455412,2.7883024434595707,30.899367129433436,56.22889152573693,12.048445074714973,31.87
34.91686089512206,0.6761216102140607,0.28424261092662195,0.19758800603846394,0.615947847644829,30.89872056679004,3.837875742458931,38.36332295211328,28.47082449823786,4.158219841240955,33.62
41.890952021268376,0.3842134459368758,0.4488554484083253,0.020453824698345804,0.7894106745013334,28.85410047470061,2.786187826626045,35.972288384554574,36.9405437085586,5.316481576928577,58.54
42.151980324038654,0.22671736753678923,0.4089929437219944,0.3974000484011361,0.48935941686814916,29.55625480320846,2.0550708836536717,32.93324892515438,25.263283221104444,12.25863617330306,46.62
42.39780607418834,0.6731268495592208,0.20198193796761613,0.27001584273770285,0.28898052802545404,26.814182999491123,4.264553988278955,29.21542943273596,69.53260681953854,8.970029937420357,32.64
28.390205306708086,0.43143500080490027,0.5464233248052537,0.08612680086899555,0.5678356501906255,3.6650417291952935,4.997492547338211,33.64594549981568,46.609996662753545,11.41733801660488,32.01
45.77118081404202,0.6618617289632581,0.3324244816764565,0.15615993849030985,0.7151127439717935,5.341262322381562,3.6413355496606297,28.083018480021213,66.13398143203902,10.618033396899236,46.07
36.5780194460245,0.6922160995551674,0.7155582133516305,0.32291718300555683,0.8190387426760981,4.137496530965686,0.46248504829884707,31.37220475724198,54.48479182391793,9.487390354392966,37.11
47.4599752634892,0.11051931738328112,0.7437040859401034,0.1923508478740974,0.514125649979396,4.32937964613472,3.6934382797770606,41.11678368303856,39.35308735549056,8.203554447150148,77.63
35.3529048572724,0.450128304003585,0.5038889415917234,0.3512279421981607,0.7388849200179608,8.745999123465543,4.038095281561981,33.73759573371515,67.10057899144039,9.240455357336641,43.45
42.68725410202119,0.13497733983118015,0.814087238070095,0.37933212302296093,0.7214418897720065,30.709384389229083,3.089902437598304,35.29053791033085,28.761225190656557,13.146121986011797,58.95
34.25695547400806,0.17436110429133533,0.8946857741841234,0.37702577491211664,0.4620742773903184,16.520279809135285,4.065773742475328,35.18437085333437,68.55046225396643,12.814600755312021,44.5
29.79848580228734,0.5063830287610751,0.8910780708026129,0.1493170131935067,0.8611767522869855,24.22337564600205,4.862355203405032,39.11105331698846,29.342521731120677,7.748548865535478,40.86
35.90151447372216,0.6449977891917027,0.3625415361369537,0.3802271112326895,0.27494228347635535,37.57020044785691,4.835290669522406,39.120610753465265,65.45517791898774,13.892365695749573,32.02
43.64527694581214,0.0707903759568291,0.49911726496333086,0.11530614140196485,0.8181390004978675,38.2340566542279,3.1491882674249077,43.8364976929216,28.999051228664904,13.446095266574872,71.77
34.94035093765035,0.45967788211816846,0.43903334270723327,0.27301451131774623,0.7815639643966747,46.08230315694964,1.0608497643391994,31.09530383521039,27.354131256800933,7.890222066881915,30.05
34.371939827742224,0.5962823075341431,0.8640612599023785,0.3288303789388046,0.20048628737184165,32.53726054961615,0.9999686219213018,34.38769749051488,44.25635248653289,13.315289093744452,27.34
33.353101039603516,0.4678166464117356,0.8663058342877459,0.023663649636834674,0.8119907508819681,14.278672897135236,0.9349181699069935,43.28073761744865,25.083225564905376,10.893028884474708,46.5
40.35990590081233,0.4535829859038693,0.8039432346440232,0.32904259889181947,0.7138732573145283,22.788474701888465,0.9987475858283368,38.806609743687844,47.36364094185606,2.9353071473766494,46.66
34.288390398236245,0.05139149724499845,0.8311832126862091,0.23082035194826656,0.7497955051627381,10.938644495360009,2.142107235325001,38.96604090683369,36.29341186734296,10.417987342209894,49.4
32.18255654279746,0.05755602266924885,0.3973347217473147,0.09869471681192735,0.7732674175102612,32.62491512073188,1.0535575219138713,37.658167006130235,35.14496157586469,7.106027360650344,39.84
42.38512439032987,0.47321501085579487,0.3970384145254972,0.04983266595863137,0.7647117382249509,32.53029999648507,3.1892488151563385,44.576926429445564,40.6744414075242,11.608970350449846,55.63
32.70519891853885,0.0843774157912846,0.6312076243922724,0.11904645455102934,0.721608759860656,39.4378124103969,2.3862102455327725,37.11875098627316,53.19460859505584,7.623259325600895,42.56
29.51869150499523,0.6868818036299975,0.2234156379857969,0.08323854235855369,0.7312308909907705,7.417933485763767,1.4584292151213156,30.617603543830914,57.56072037172957,8.94720069572174,28.63
37.20268470803214,0.18552690321042958,0.8773890185876811,0.043167178923620764,0.6485413815230263,28.05605626403454,2.974805585592228,44.260378462004496,40.35768450174187,10.985196478532943,55.18
41.21523229451071,0.2876774050979754,0.35898554367662094,0.033446543751006974,0.27631343849065837,52.89037657570286,3.984591774439015,32.164307249507125,48.81162565768583,10.570792692200808,39.57
36.79976116319569,0.5169482477222591,0.35921802032719363,0.2105377433866632,0.3575661287646742,3.1600352528073525,3.513265930712019,40.02350261356112,69.8075214368614,4.172185332737595,52.38
46.959348487252754,0.4689772189272187,0.8741983923290597,0.3977763941111137,0.8012183013286545,54.96286725270558,3.2039574046772548,36.44994677443252,66.29363144665986,11.97147009720782,54.08
34.0544529359753,0.21941932827949057,0.7986831615643961,0.0932981417227215,0.4280335793555713,29.977010023378398,0.5653735362260501,44.340903924844596,47.09782494411576,4.285204688350896,46.63
43.96167494174323,0.4621042121159744,0.5252382169563767,0.13264054695520602,0.8755132722566457,43.17335609519334,3.646937779279337,35.58200857849296,69.15220678419155,10.520843561435672,52.6
47.211040874629134,0.6322212477451609,0.7179756354810334,0.3067984486480327,0.5177206247704287,29.38222618876898,1.1194272273768462,38.12173617407542,41.64624467615825,6.169259906844237,55.89
31.295668663679947,0.5894828296608053,0.3970279997056658,0.0114622516080102,0.2303473098716206,25.317229614465322,2.3814123495126736,33.44426918355393,55.09508225039647,7.824113341912997,24.21
34.96142389826551,0.11627577700243756,0.2440409857231694,0.08332264999897686,0.7254315958711752,39.192085577737835,4.334667810097094,40.85912797233691,49.097305926751574,5.751345056111131,48.97
40.94274962575589,0.23831357194965047,0.3750700712095426,0.3899302163096826,0.33068014430468834,4.6866064721686405,4.757073896922159,33.202114274959385,42.703902277929274,2.971218847321061,53.08
47.444425815371005,0.5011128165947496,0.5316773913832398,0.1229886584049412,0.47453296946078144,34.78386379793032,1.4213603005054862,30.5831079334184,56.33029032746417,12.433637325426192,46.42
44.828370637560205,0.39488979310494743,0.7521816783028588,0.3705422927069546,0.21752194220535068,24.429107320825985,1.1798023019369355,44.94506935221689,66.83047043349285,11.62623141291184,55.19
47.04204529090261,0.06901278604039378,0.33162779456230296,0.24674950169237056,0.7947550340437313,48.94880436200965,1.642441331366042,34.64367821818268,45.467233087918586,2.3236858224069787,58.53
34.758968307723634,0.1795309949409874,0.48643794416996705,0.28422534995960985,0.8531866845453582,14.199576243212373,1.0285422417698995,44.04431045294584,49.790185862360545,6.389264227903082,50.42
47.90495644396877,0.5174697866095084,0.35251971572401564,0.036503777930861146,0.3494617579761844,15.882615403194059,0.733211116455694,31.904073302133522,30.25508672198189,6.532780410638751,58.84
37.105699451618364,0.588986544426892,0.377796770434298,0.35483752955533854,0.8810921138966017,52.9095850241895,1.068719522647447,32.17776948600131,53.07245248108332,3.690699598461067,32.38
29.473944240628956,0.44399726253306165,0.7632746994069906,0.10355426506367547,0.9001504153443414,44.18064641075065,0.571809945752342,34.92415318492185,28.060668971541645,12.98232989352194,26.62
41.73090260709434,0.4937562002992289,0.3996277513270205,0.3734156620802835,0.892082493665296,41.45341808746,2.4508649939446063,28.80096742344216,26.274010756166604,3.6576119950864134,45.01
43.961987584093876,0.6665027441778524,0.32275345549330275,0.11021115231846333,0.2405752152908113,54.43045267780573,3.948392380213151,36.172140196230465,50.90044098861004,8.746092935997103,43.24
31.70781388586839,0.24303421580438572,0.37300748485730495,0.2230112359457444,0.4311521043798927,40.90512916401516,2.926110717713771,37.048484012038806,67.80821951901609,5.8689144245638545,33.3
28.001012540548572,0.529000370730225,0.5517807503117328,0.08335398291378389,0.2011329173214629,39.761086128195195,3.3809633770427547,39.311920980152635,44.68546704042075,9.671567909239384,26.96
32.777900892225375,0.3871992269544785,0.5602149562332266,0.3294491552933495,0.525116767003052,25.676442659846405,4.925141462119118,43.205885838601866,35.90286955196838,12.923517136024007,39.21
45.06782117480001,0.16916019487451123,0.49792234422885484,0.39356865250733586,0.2727867024141728,46.66896663833628,2.574722957732766,29.886853218176878,67.86211205972512,8.59077641767071,46.44
45.38213883973501,0.059512478911453615,0.3853884924960851,0.134768631845261,0.6011480341561288,6.7370325117361975,2.0670411119825114,41.848848101592644,32.79360017532699,10.415317694916594,71.87
29.414102377929694,0.16529314265882056,0.29872151221369825,0.24788713852750127,0.2654932991621163,45.798432600429635,4.071963828497106,29.3610539510533,64.96887389785826,13.509929908114385,18.79
47.00659136273663,0.2316504101032958,0.6653333585622334,0.0699262984947867,0.8130918872034523,46.77949376114205,4.896038744943177,44.873068856904155,28.413596849921262,9.895563215336894,71.45
30.511555712622904,0.14671702216481372,0.8555060672498835,0.273459695338138,0.23784571322678086,54.17996406359682,4.077498734531431,33.25604819606232,46.18900121225653,10.718911750424507,28.64
37.26161797628471,0.3830534354543934,0.23024537629150277,0.20025329779477943,0.45518516879302734,17.822662424697732,1.4941876388872926,39.032097255059625,44.316592932459336,7.109628901135094,40.16
47.23727136487234,0.1955520315928584,0.48427644462054925,0.0760819056718956,0.727357139291861,25.678694815964423,2.1855197072868875,42.87661305161414,59.1765932407054,8.23850063467017,60.56
47.198027955941114,0.6717004070493039,0.6933396075369214,0.3040591705945732,0.874319681115362,53.14405530527836,0.5949188780999519,44.95476015199989,56.63599967362294,9.112938250299532,58.91
34.727797873720746,0.5727366355405852,0.6581045395826287,0.08028206752859762,0.6574332778505045,10.340637289516199,2.5849991672294172,37.91877984318902,53.605783183481456,3.7431462766812222,50.57
33.17416331950716,0.4445693909004987,0.8521779697796459,0.31164941236014143,0.7592828938793206,20.172081917001226,0.736195422920761,43.16296990404429,47.53840772574829,3.206130154451024,45.59
41.50820485330512,0.25793501924151996,0.2064742521785451,0.24864278485910485,0.23007163882211376,25.505251125301736,4.158921095008866,44.980409749822165,41.66363112928754,2.241523118002365,55.37
33.52550794863984,0.6303037588329751,0.6980522052293858,0.16172930752238102,0.7715211731886271,20.742705183992488,2.7044652085461913,43.687349756585895,34.00707698066633,5.756696022880472,44.83
37.23756720620823,0.25662773863782623,0.22610906912875836,0.16758121503476042,0.5754508335266069,24.12930910069654,1.5318043220986821,34.27521295041572,53.91001593491738,12.69535663955603,36.1
40.923248719475325,0.5809686602875705,0.3155999444132864,0.12043905178325538,0.23794323723115324,21.18116543740851,4.994354154879227,33.59831072121479,63.689784821165816,3.029332567165189,45.0
35.02925730763273,0.18102886110042016,0.46075437993980484,0.26051124456557884,0.5677310561668196,46.90536962284001,4.543743712872019,36.19217812988056,69.1776841368004,2.864249162439007,42.35
36.33422540817152,0.4287559817329127,0.5821508189192475,0.2271907055128295,0.8721880419564734,17.43338998157191,4.120897978825417,37.486009420170205,47.072071731521106,5.59296110750563,50.01
35.76959742889774,0.5462818172647994,0.5337130213145898,0.061533474102499985,0.7698973830070999,37.495759371625155,4.756346088325602,37.00003972753224,54.44899641060118,7.751963273134537,46.32
36.72234126400367,0.13960671117828585,0.8906782654093917,0.28814548111834215,0.6564693689223886,28.03387900964701,3.614859210505593,30.155173676298077,39.67510291637623,3.4963922091546302,45.26
28.426950897544017,0.5413307198420078,0.3591160372376254,0.33280308762787486,0.8783258856227991,11.765435101898417,3.602547403212517,35.825197384331034,66.35325208327228,7.813006325619829,31.5
33.8913023806032,0.6373539361483023,0.35832551238596977,0.33108591664379466,0.34564058568345324,36.45663642118155,2.365115070676142,29.77834747528355,30.666985194267355,5.378109798988036,23.39
42.57880004531304,0.18332816341478875,0.5333415361968299,0.0387947850707981,0.7369597146374021,44.251705820904846,4.48885760017773,43.057681428632954,40.20515382157026,5.054406001280274,67.43
30.9201394963902,0.08857364660020733,0.4199700846173422,0.30412001756586515,0.7206498441165976,54.32687450939653,1.9257611413180908,32.68940435256695,42.0193424160217,11.38707513716545,25.21
46.95495968492905,0.38315706614430173,0.7482014970421287,0.33090472979356667,0.5591113380033126,41.55131178093452,1.950532754890212,41.785776242644474,62.075635387784374,8.794469833261026,64.3
47.404463503607296,0.665536915613911,0.6338743812055357,0.39355240031240846,0.5770972222934239,22.525187496153688,2.4104144756943815,28.78041930915367,49.71048316861129,9.994789286758369,48.28
33.111951433923394,0.5187696714030291,0.7555131248512057,0.39434681973777813,0.3899177644180633,46.75485252655821,1.0260942325479996,30.22493272177692,57.814161152902926,7.350468457293848,27.85
33.65129590668792,0.18857602011480407,0.5841591206761352,0.04612418986837233,0.4090619104936223,11.644324595831009,1.7362270101077188,41.01347799947632,30.43340517435308,9.342427030056449,52.14
38.76261258334572,0.36476094225781497,0.6647024229317864,0.34072426218230245,0.32152747876163074,45.33482876332283,0.49508309285144936,36.196115647325996,48.01594844008868,4.3710299793699505,36.66
29.498219509239462,0.0742020902781372,0.6015151168832877,0.06218984422184235,0.8065285620724558,49.7455414937364,1.6035591689605582,30.795929309638048,43.43253440290373,12.578842415414712,30.76
30.16672592027246,0.6900342602956288,0.5497728298534901,0.13694858847636468,0.8702155923831536,51.22498168138003,2.584661439241549,33.214178694487934,46.71852188029705,4.631383414042245,31.78
32.58862211352209,0.454431794701032,0.7319224267487758,0.38777111531022196,0.8319278519782878,7.479011929940789,1.2153098237199624,37.038761583938,36.59159473850495,2.172382484999607,45.07
35.155440151751414,0.09296502107291019,0.5561854915658454,0.3908834852593562,0.7089039698170707,11.25583788861929,2.668618812462547,43.329281733189255,27.440965012843975,9.654718409179239,51.85
42.08023398629018,0.1476107720556051,0.8350949722006829,0.12890853308522907,0.23880651754325383,7.327488593092529,2.3963714326385532,28.6796940353438,60.079863299571855,12.389882071643816,49.7
44.200270066544874,0.6877842049146086,0.22125771277402465,0.2899868978478466,0.9493205590982277,44.45016648728562,2.6257136145686606,43.04199052524312,56.856959120614114,5.509419805524756,55.82
38.25088785409241,0.2924438406140467,0.4306275935656012,0.07116992669075395,0.8339645023787734,39.660754033533586,1.7903430543619683,32.04034038694817,30.766206085388614,3.3501554560682347,44.75
30.176343561338506,0.6741382055850287,0.3953945711284468,0.01032194423273265,0.8414972928823887,22.11454458421561,1.8462362382798063,30.016550400878515,54.71899261985087,6.305520459073202,31.4
40.61236607260258,0.621943029186078,0.6357928105916535,0.3117112918878995,0.7224044636785438,27.05480608131464,3.505635161410646,39.281489298491834,25.3016628966756,10.38365526473422,45.73
38.83645644000062,0.12236605246705569,0.21611575110063808,0.006047883510228092,0.318645884279702,4.034410343727885,0.8355076200848885,37.50595129110256,43.01227742078482,13.76897747108784,55.1
30.935515089772608,0.320913105749686,0.5016795575943245,0.1448467115805143,0.5716923355066521,37.83347636316419,3.2762706351663335,34.07068579027041,56.72705304168352,5.4738247839611915,38.12
47.287440865280516,0.24157882539178183,0.7492819869393019,0.3253703215430909,0.5680725309011592,7.562860205958296,3.9736730724765637,34.92713004995284,34.36320739757885,9.519802790729354,62.88
29.751448973603644,0.6893885088933595,0.3712633091709017,0.20438602219185822,0.7004661962982679,8.98464694873196,3.7491684505316427,39.02091010726514,47.21888037880608,8.339959900024173,31.36
46.21795674537928,0.12278916051633673,0.4581264371468304,0.20670857270784745,0.8899818844263361,45.46129313161038,2.055116974373188,43.06557689368097,42.01710080344555,5.254315229651714,63.86
35.11803509629607,0.45456491394968057,0.4867788525316571,0.3183076558507528,0.9157332300304348,17.056077301314303,2.648048404372551,40.31535140014401,32.133359284321735,11.55087377692842,45.52
30.99481047824163,0.6143492314226568,0.4986908816680666,0.07064773836985952,0.3465472732539878,43.8463327878489,4.691437570807896,34.43024867832054,28.547263388825478,3.2098769534462885,28.7
35.41503421179351,0.3269854732747658,0.4359331647039072,0.18621542639583125,0.6826620896600486,31.139236523048865,0.9883588359270923,36.351907083044665,45.72758765978537,8.548846976643691,42.08
31.070542460854703,0.3946587157701654,0.39280452978474334,0.2516126754845388,0.47956353700937016,14.47820687860266,3.350694983971176,34.696430383922745,32.09256117293761,11.70570775124348,29.1
46.30140679445287,0.1757106035350116,0.8134451642245313,0.32636398827962765,0.2779368680661731,30.647428413816506,3.337677728702945,36.423197310363335,42.561838788367105,13.326105528364444,55.36
47.317397551289815,0.6000497020545745,0.771991978751309,0.29025291612000387,0.68455943160895,49.116828737842816,3.144366908782704,29.279902815728256,51.215358354698566,3.2340218190412964,53.21
40.933379522025724,0.41117008421868184,0.3384747929131614,0.20630681994991218,0.45689825287200664,38.12008073644933,3.1011670278049146,36.488220530119996,36.37334506499579,8.30891756481346,43.64
45.02531754924651,0.6313192718858102,0.7314744078758866,0.12785598264492437,0.22856713281361526,51.11746988068168,4.961658807961612,30.159352959482636,55.85272107024411,7.101758425876644,45.82
47.96202621931134,0.6565987554001532,0.8878262133978996,0.05755850174805804,0.5689433939922459,49.58025649271093,3.4407605397393954,35.388230655956924,48.251240839581,2.4632192564126747,65.56
45.19431033400524,0.05181585725183324,0.31197527435340683,0.20719604880212864,0.6207232445156494,20.854321948654153,0.3340855039737958,40.64120162434726,35.931630321031435,9.734927622809616,60.43
36.61676164919851,0.4336881771309372,0.6865271207794633,0.2288977271783848,0.6181440740770117,25.676042836568506,2.2641657078661535,36.34642174550004,45.34350604702179,7.26829501168417,35.84
42.49675842111138,0.13641910479117786,0.8360972958678261,0.24993848430886345,0.2366755093424561,37.267932386909216,1.9352684552279227,43.80600235447097,67.12339689203685,12.151140582234158,58.35
46.383553826104226,0.4723753228973581,0.8125903388297773,0.06402127970845695,0.8781352350734029,37.4027161174043,1.6557148310658705,44.962829962075304,55.909778530951286,12.900992696248746,66.25
39.04676819098371,0.5131462053222569,0.209615822383098,0.3050236900491399,0.6885861448757351,17.28750198682021,3.5069357424691936,30.225317662948044,62.0816739445963,12.394701407102048,42.08
38.14884335896643,0.3113353345631284,0.4417337896426599,0.3491593115413791,0.4286548818406547,23.94820061642837,1.6395982229336592,39.16411693347635,61.63982490002122,3.9720299233296954,43.87
30.082154170574885,0.1541195720674799,0.4848171371190006,0.3103505158836556,0.6062134512266861,5.770366450132496,3.2004163984830956,41.52017087110144,42.706051070945335,4.940151216465998,46.58
28.47812477921851,0.5801341658702268,0.7629817070809399,0.3551943722776831,0.2671099554677185,8.603441059040495,4.389213554850289,36.07946704175738,42.655232833488924,8.87952278156439,28.47
40.874323397921614,0.6643040498331086,0.6730039259169363,0.18581404492367343,0.9206607414586165,38.8028535229775,0.47341009140831913,39.39079104082324,27.686313823882415,5.686758593479616,53.66
32.31232032373727,0.07482296998629441,0.6325675821459208,0.11434291315320443,0.5997231682543986,16.579570103040297,3.494858465258299,43.22692364971497,28.895416125803887,11.435824225457104,48.92
34.588195743586226,0.2822874422862219,0.34441699231278267,0.030093736345214995,0.7763648601971096,44.26863204221033,4.984799793814513,43.88827223292056,44.558909052317006,3.6006561745012795,53.21
38.63035076994301,0.6093681670413511,0.38753261770636427,0.07957654719522766,0.5292150288281168,49.463705649516186,2.368034392498134,40.286119401961145,45.8136794578612,6.475506577315331,44.7
43.368010653467586,0.5403639363207062,0.5022307250307803,0.10704697017146621,0.30434527931280897,3.071224107512049,0.7436363987517907,30.799139508262265,56.04720059414899,11.81499052314507,49.41
42.4646553440471,0.6963083995706772,0.8738184175246935,0.10753887805169465,0.30882556216126755,10.971508372655787,4.498912019414157,29.73989641524833,40.30648759966392,8.36415834105287,50.5
39.91465275629749,0.5611650193909511,0.6001852844799369,0.34041861573257093,0.2634726680541386,47.666203585127484,3.032015171729617,31.789853619455958,68.998443491404,13.276811284745957,37.23
46.23192271226942,0.2983921186794492,0.35946341071471266,0.07316154466369276,0.855319976383188,45.98483014285651,4.9085042400077,42.42028572471965,53.456466126692064,3.7073810104586005,69.34
37.47399053592751,0.5490670952438376,0.3212927731244265,0.36620700317154103,0.712843047865142,19.240072703213816,4.451646042370641,38.17671625907599,57.99213169113069,6.625306475066692,44.19
28.25235140962941,0.399636314790756,0.7325577640837067,0.38752980543464155,0.8691701275311781,7.523536750343258,4.906496577712681,30.54117171301446,26.850143427643737,10.987158025618704,33.21
46.99565812050379,0.5862344700480377,0.3434343509979663,0.06160116579776442,0.24422635817858965,33.26239215449441,2.538661645582597,29.857821343418316,45.91722034022033,8.807883086413845,46.08
36.283951400668414,0.2569290906009858,0.6659754387078909,0.27368945721821814,0.402821417502364,4.030800276330588,4.739314734764093,40.83986890980593,34.04969505085093,8.78798781192638,57.11
30.519772639913583,0.1745771067707128,0.8696945615246514,0.20320434400835907,0.3435816645451071,44.47388721288844,2.458751852160669,38.85300541563579,38.38756901373605,2.694849179075366,38.16
47.4607380629197,0.45533248328834,0.7817596390020838,0.008607823169527684,0.7740968758657754,28.21750746017692,3.3934778089817472,34.08948568579317,52.939097206850064,2.427437213453096,65.42
43.976728198102954,0.13090242407028613,0.2097887542102956,0.3649825958546613,0.39914882205765306,33.2838724914148,4.226801458584823,40.68042035023229,27.098251936491998,8.73138441030612,53.0
35.00160356420924,0.5398159378894285,0.8748039605828637,0.058874661574365605,0.30891800280827164,41.206273011965195,2.3811987687981353,41.51872181985517,31.348492434118178,2.478290529706521,43.85
47.894221059082206,0.11161883669220536,0.8050365226153289,0.1541158963093659,0.21259215896983039,29.52113323450296,1.5385001941991354,39.787853405843066,37.952378009579135,7.780401481196554,65.67
44.562035160871204,0.6515304502142701,0.48233502795152466,0.179552013027193,0.9370127549086489,10.390004789682497,4.081373670032185,37.643736299454105,64.63304894068847,5.509142537922943,61.2
34.51639896110814,0.060810203509921015,0.3189250293546408,0.39783465644793004,0.3867114303379494,4.035689083553233,1.5369935073847791,34.942632855737976,49.65042756770726,2.822792238385117,46.85
44.51002536394115,0.18855437626660587,0.7588927317644849,0.14457076297650265,0.5173326334119759,51.69218922432886,4.481141076608083,34.376882124238314,46.96496375751712,5.43828545639591,58.41
41.63815805669886,0.11023400322916048,0.8438887883229829,0.28754958725787194,0.2725645123711791,48.18742758289981,3.7696777579655945,33.32315588615673,48.46448897340451,12.321567910275991,51.88
33.62154791895264,0.4728628185127609,0.8021728467949325,0.39526673953717806,0.2530388664847341,29.188342222683076,4.393595656829514,28.05368811309198,44.67558488224494,9.010384689435593,25.51
42.65545372668497,0.09258935652008764,0.7497917065100901,0.11326821445339337,0.8181720398929666,24.813372192521467,0.4060092406543827,44.386551016413485,60.12471807236711,6.173792387388192,65.88
39.77927456900108,0.6917414918355422,0.4031167769258234,0.37930844669846114,0.4477903397139418,39.61308379340559,2.032324917401791,29.445887808147027,67.128521452598,3.967135936599151,28.83
30.0661365185771,0.2235158392217242,0.8446464490861889,0.26341634516302925,0.3421125768812717,33.788852195674636,1.0658777985706591,42.86551515039581,27.242287330233516,8.357332373329982,34.28
41.900455021352506,0.6582682028758837,0.7817465147701574,0.14869113006105406,0.3776786791098194,9.293429604117918,4.393395139436159,29.37885519380601,53.297313620999496,6.407209633960484,54.16
38.1764662703669,0.4067141173072171,0.8425221495103958,0.3878547613003291,0.6377273458209047,44.401467886602205,3.246880395720543,35.26580788789152,27.579191077361358,10.6129264825014,45.5
30.334046133774507,0.19954476872163773,0.7124897308122937,0.059884791037815924,0.7182012758245526,40.334813942653625,1.8960505085116452,32.38909144625026,41.78677349966259,6.310359456714728,37.52
42.87696599437727,0.6101392126527364,0.22099459880147987,0.2906206229477478,0.4356395137168702,46.60938455694453,0.5634414067568538,37.36996667294213,49.6903115389306,5.91813754610274,41.31
30.138463023373752,0.13865820179769947,0.6509817187317926,0.20571968985746128,0.3983503464140351,18.822133415786976,0.9537118818023327,42.751990361501846,50.62834929128607,4.938014913845979,41.4
46.13370108609766,0.626446755074491,0.24837468377924546,0.26164005531188117,0.3147283782272928,13.965935008509373,4.348196442782799,43.218235397091284,28.721136215227684,12.487079953744324,50.49
43.51420726533398,0.5646799629697768,0.5550632902165968,0.3787630571952807,0.35026970298544646,29.258185590912234,1.7290523834643419,41.981331127642626,28.721532045794984,7.2041418430912145,48.31
34.24681823115479,0.2063095847757917,0.3837844083564273,0.2854360429626181,0.41508700687912314,23.939544364074955,2.8192068197080533,43.992921342093766,60.7456401949118,4.223379970688207,44.34
44.89534866370407,0.5343959377106646,0.5618341823403613,0.027925982102924476,0.7336289310418744,29.953792861986976,1.6869196439261884,28.168946000310655,35.3972041349357,9.268282130952707,51.0
41.108374132234246,0.5827868577343076,0.422724838515376,0.03279421578198569,0.30477409281966383,21.611264491815056,4.104484413240452,38.78273823511684,64.05494416432833,13.933125351573494,41.28
41.89642872473587,0.35323585504090876,0.5454346426627743,0.1302325614243218,0.45688416124955794,38.16666131668391,3.17985400254088,33.41456070066636,30.336141346858863,8.93889544769843,49.63
39.172435804290195,0.05237293774681683,0.39762085873166186,0.31143173585400474,0.7569111539575537,3.541333132157623,2.4574219172488565,35.43440893505578,54.35266193309239,3.499760480779973,56.36
46.93836040322101,0.29163719749991246,0.43614949236183065,0.01130940574875119,0.24304629421657364,51.441767240345364,4.882408863385709,28.095908907421975,65.5305858854424,4.087520368169851,49.97
41.56281847057499,0.28338816186437643,0.570291664239502,0.25101687526212213,0.3454447245385953,54.701344322455476,1.1786328108103328,28.175753899672518,67.49280664471365,7.1495324103697175,39.49
33.51342636932647,0.06679075241425897,0.3851977353661058,0.15732013702639278,0.5902469366500418,26.797499446343082,4.419373796979309,43.49260765281254,39.271971481707176,13.514655126505513,43.26
46.55269633069499,0.5091150735520681,0.33879029032787905,0.07809111706310978,0.8814886723129574,29.36636391659105,4.4742430743379416,40.249313946218386,34.56305369507804,6.617117840755444,67.69
28.391655228870086,0.5144795110102834,0.8851457879526441,0.04165877836945118,0.403994641210159,31.444682275421933,4.250071653184156,36.61070178724138,27.681822114755725,3.526211879973842,33.93
34.45081347521098,0.19279111026648738,0.7880901153300535,0.01075267349949427,0.8220081858328083,50.92736902957969,3.224532917845108,38.63095677599199,31.70579708434668,8.819812858529982,51.14
32.580995230403914,0.42916421130609533,0.2008333269436424,0.1105651166168634,0.6920315182163284,26.662111746381772,0.8990745944213545,28.022407899749282,37.16976913314846,8.588711671461532,23.51
30.621437987438398,0.4489031429608465,0.8992470647575523,0.23394676250444132,0.5957286317819408,35.37692242683165,4.422420273251518,44.0819888598258,26.846508208869647,4.459925634981845,41.04
43.4470757140528,0.07961585831876483,0.8318444628937913,0.008222145961252326,0.6519101097118427,17.32996208697389,2.4587049197170923,35.512060538083006,58.70019718257923,7.959705212719019,62.57
42.60554205168709,0.6517744975481561,0.7557456810664966,0.2946868126010216,0.5657915608517387,49.811221510629224,2.534304595624104,43.81485835036412,61.13150180897245,3.803122827321555,56.0
42.817113737321314,0.4957954550402199,0.621462215707383,0.3904957120069385,0.6090522858289709,21.090793089270875,2.9118360839483803,28.482999792592757,51.06689055566349,12.829162460492277,41.08
44.90607624356233,0.5712537811644235,0.2742721908572597,0.338732197248687,0.7726589493000571,28.53441579311196,1.377026904318911,32.897707069413485,52.552371646239564,4.955647992505959,40.0
46.616768623006145,0.5240636007290643,0.7152518348018866,0.3823745688486717,0.20434551485234484,15.713263855377857,3.3582750222098974,35.450616076931404,30.076222665956685,11.374804232859937,50.0
38.87702224378976,0.41560181550263603,0.6451729237274577,0.12625052108872523,0.21770070592385918,49.22713087619548,4.660183015176588,36.193808357369115,25.92881590666877,8.970453922681388,43.07
31.649711536673937,0.15981922664778347,0.3254788082332173,0.13233640023172472,0.41046516176950554,46.49409128756586,2.5775105954721167,35.27000737190582,31.562510070151074,12.510689517453967,31.83
32.790627177489604,0.45395697922795636,0.691618699607258,0.32046262992765884,0.5077184761025805,21.030484505353723,1.5850477662220515,37.65760940832135,40.6886026815413,5.937130888111197,35.37
46.966319750832156,0.08938625880835104,0.38961006281765764,0.3685678509362785,0.751511146446759,33.063269817746885,3.37190678333779,29.650020897817523,61.389130464485,5.001281141391237,55.04
32.627492075880376,0.4564868705506865,0.5817271444085186,0.05724123758746749,0.4721953758626091,43.6272232464245,1.2204227551957185,44.3685743523132,38.29676373914231,9.52065991376103,47.17
37.41556484330331,0.4759843017077434,0.72050386067874,0.24760118853635538,0.6199959645004843,34.54462521978371,2.1293884179294076,29.204843841236354,32.18642706322519,9.280448516476335,30.59
28.514810971423646,0.4036228780904272,0.3764430031064328,0.22469596219380528,0.7622430183002762,41.24356287281883,3.679451829527043,41.24169892097043,28.267480906943092,8.114934007015426,31.31
46.42541122004826,0.5588714943126563,0.27528139315087286,0.09729845161207198,0.5414151916236085,53.07124833393413,0.7264312837810489,37.6555302652162,40.35793809285513,9.756084100790687,47.32
32.81182973368037,0.560776110198943,0.26388372993436554,0.3272555484349332,0.35897514393462054,33.65812352156594,1.8670866891332962,38.36625705257221,37.033803172346985,8.827564063406129,26.57
35.489089152344036,0.5871530963904229,0.5241046105538554,0.1997044395959863,0.6661826284354948,25.57889913936708,4.361968293074305,34.856519387419205,67.41485954094628,12.5232562798911,32.49
35.316017491972744,0.48980821228510935,0.7287147240718437,0.07434463092983523,0.3807839023898618,10.605130865721632,3.851321015303929,40.144831704644446,33.507421644326925,8.442497433852116,47.54
46.94057325486746,0.1660397251851704,0.4130308459227825,0.13933591345562954,0.668733019349907,10.093780210867331,1.1284595324066855,41.26742623566376,49.39241496352317,3.9246347783414985,68.51
30.689883906634655,0.2857485008039472,0.480139506648145,0.0448441646501585,0.24487506963953154,48.8432982933916,4.460710830273051,28.043840878615047,53.85418433908614,3.124148090467758,26.74
45.59124784307503,0.4507998509906468,0.6292088200420594,0.1485926036214897,0.3871017270221463,28.962083115968813,0.8418426726874593,39.42782321263553,46.15391029208733,4.131218072371169,56.07
43.90655673171458,0.43271965008363505,0.5707629881595809,0.339086991252324,0.20806653875062248,35.07087664740073,2.1665224793339237,31.290624527180377,69.08100325387448,6.845765949766272,42.34
31.380168794812935,0.6985478683095646,0.7992359492207737,0.027988967469980475,0.6243154070953876,10.664862965524225,3.635750792062146,36.22941829742743,29.967503388967415,8.684466695171478,40.35
34.82389364666305,0.08302364959528633,0.8616449778852511,0.05671967520378023,0.5562890006609253,31.32321064811078,1.3380198232700322,31.016106544648363,30.091249627668684,2.839463388247681,44.31
44.84041553668633,0.13239320138829083,0.6904333199118489,0.16504830816943997,0.2264181792279396,30.870560120245514,1.4096396774392466,38.28931958168854,40.719535487749205,9.997427819155508,54.67
32.890891241629184,0.6608963048420033,0.3430162021752323,0.028277952889345228,0.3445257405410598,45.37566837480851,3.452269977269801,44.50418060544433,56.942228969121885,6.951575180439607,37.63
47.1625703641692,0.5645756986240689,0.5896477100845707,0.33030631252222514,0.3342835305007112,49.81820119232809,4.997883115935372,39.307382829740874,33.81500678110038,3.7332399463438617,60.04
45.42705642736651,0.5366412535170985,0.8643834775307879,0.20136150114735651,0.8658098022517733,11.466656327395716,1.07748664691534,36.70983177622663,39.96293473800359,7.190231216175892,61.6
29.06814941884518,0.5185484922821493,0.2617604879173559,0.33900042011216813,0.35142485490175634,41.21682385809577,3.0410211151409077,34.55557582023841,37.039131268851186,2.689511795196909,26.75
32.01057513202352,0.13834312756878847,0.7169486858123939,0.0850059964052802,0.36736853578712636,20.70503549121027,2.4207351661844925,36.733116652924906,54.90458209781859,9.062264574055128,43.01
35.87880429274941,0.22276103775400236,0.6969598295781276,0.12700052815749907,0.8371860451444215,33.480447706175305,3.242932536935267,36.64943392492147,66.78502290934216,7.059146823412934,46.05
45.860289915436596,0.44318949862411144,0.5144041010068983,0.10486044580669236,0.38378333378893825,44.67458431527227,1.5414371725938565,28.097540735157217,25.875728768424565,13.740831339158776,44.58
37.780492637187905,0.6466194449204146,0.44618117929320494,0.3179990238620932,0.7413573595851042,27.809017080735575,3.9182331078017167,44.41823258907483,34.027331910418184,2.210112974012258,45.89
36.07174145689628,0.40386162078475524,0.3557236245127724,0.33671550474115086,0.7409046868045335,52.5750646661295,2.481208983678484,44.60160521693407,47.98849268382544,9.45706509035327,41.63
37.7954291144035,0.41580712412980086,0.356314945291043,0.1449452232531633,0.7264949338191862,5.027425920932583,3.56198297584292,33.1641859572223,37.232612636839995,10.321861572231331,38.12
47.23366871778629,0.6939413719134965,0.520670285496021,0.16056733433691722,0.25927809229904963,43.46737155729741,0.9810751834219427,43.86181362809337,69.57667325298446,3.4689173609805386,51.1
37.31983983135454,0.40174480523683787,0.3257022757583473,0.28940835977796553,0.32495954072384003,49.035598842674354,2.3790781488471717,38.79275768924826,66.4805998171748,10.855274057630442,37.2
36.0535529568672,0.35038782929590767,0.4391711417273775,0.3784735301009621,0.38964338311073665,24.286006695042563,3.935474838325164,34.19380843464309,64.89749033971538,4.9168716817645866,35.9
40.575022245037374,0.3803647475278347,0.8531406559235757,0.1692529303583847,0.30169269346864547,20.146767936810196,2.0874166878100313,37.91324083503868,37.352522099012916,8.603759842085662,49.47
36.47460699597147,0.4735201710594602,0.3602290109880572,0.320530818018409,0.40225297277004424,33.14974526228895,1.6411878547168879,29.1458399510514,39.38482332524638,4.544367928536191,28.44
33.32324229276286,0.6833750681497992,0.5446420682074057,0.08842598662705968,0.49350809987427174,12.538418109874542,4.201679618458178,30.039477578210082,64.3087488172936,2.5510045814250586,38.84
30.797734404855536,0.49542260484847916,0.5586252116951287,0.3757358291391484,0.47463557081048685,5.118952862025662,3.8559635033366404,37.8515110444872,62.23458873599863,7.113662864883298,32.67
31.42131412298936,0.6996922606406967,0.32155288240837626,0.3319202510635464,0.35932862672204463,43.69041519889673,4.334011601731871,42.902895405566056,46.40733011109294,7.145755677399512,25.89
39.58978445901628,0.4538299404675433,0.365246984846035,0.17846280568104267,0.47708666605009026,37.59672107257778,1.1431197440921408,34.89778275427891,63.19294265491709,8.557348125062388,38.03
32.650548879133616,0.33593716878887514,0.5502913562365737,0.16022696292247454,0.7133701717606478,10.73343020286046,2.693121872824917,30.359129958092158,53.313886995439965,11.962977599293604,33.48
37.13872443407869,0.37025733467669186,0.7041779474571961,0.029887972790014317,0.5045155859525721,43.84502402097291,2.754293895252197,40.74738519792544,41.38044011222462,13.041052182630262,50.91
29.82328811605595,0.39351583819088004,0.5295766943249568,0.2553870109859606,0.3717921010544135,14.753471130797532,3.795725925294578,32.960008411979445,57.7281280822001,9.688483820954957,22.71
42.22259279472148,0.6216849934938515,0.7716523801433355,0.0035447463559100446,0.6047854296039679,50.493535012217926,3.0738832361559987,32.935543201102725,33.75450888999088,10.219370352259544,47.7
46.25169529834801,0.6387157792965183,0.43749611628100116,0.2415507726023136,0.2761393893942453,7.912052608517468,0.5430491206426236,43.761452183494505,31.85945918023721,7.787914381863542,56.24
34.49542219253309,0.3995249240284336,0.20195362333151204,0.15205973532783898,0.5595080453522405,44.771828082675626,3.564624460647898,42.44595066830527,41.93342058693045,3.6908663335686622,39.39
47.26119267850015,0.18931293613722455,0.32232875408184425,0.3777349104636303,0.9124423136076596,10.760316430355612,3.8933737354457554,35.305622571158096,47.14970722022147,7.984257757497755,67.02
31.69322228500177,0.5524914279143318,0.20397187585172585,0.2514440427635223,0.6895084825242948,42.192722891435764,4.644619341469402,40.81519679614587,57.94647936277789,5.0454501958517,29.01
37.36817621847852,0.32134256648149495,0.5513143012939654,0.15762258230147339,0.6452281784194659,21.180478668821372,1.35173527493406,43.77591333052757,66.75228159868654,7.954944953368264,46.01
36.31434319688715,0.301796264503302,0.841834294999922,0.25316680120926954,0.7718880274976616,24.462679241329106,2.1536079894848728,29.41616298292771,68.5034748076198,4.735507602105272,37.11
30.29220543692141,0.470519848680338,0.4736128151734369,0.30706474963697106,0.5962839908659737,9.73292438961676,0.2515544412557409,31.611627599105177,57.595592266920505,11.942169531210363,30.21
38.71850142465709,0.20600863879806142,0.8163102686439725,0.3860828583636728,0.7647050177952048,7.622109470775218,2.298169186970811,44.838596589749606,35.32231731909691,10.045660042105746,60.2
43.46406776526774,0.4457591011817812,0.5546936112268938,0.3715257449348133,0.4960500253307715,49.86598799399676,2.2690540592363395,40.86126540390008,66.20712546703645,8.607714903538634,52.35
29.019734393173486,0.5760189762781038,0.635406944485392,0.10521825913019832,0.8580587398711923,50.85574371634167,4.458397181661804,38.22580427205512,68.9461723226182,12.497667574421216,35.76
47.62211951918689,0.40672414223540293,0.8440251324905803,0.30413657393307275,0.685675006516564,19.986963846130905,0.3297441132048039,32.70451629151542,55.8619145293118,12.35737888245896,54.5
32.15947547573644,0.4874940150113564,0.39854457302428437,0.0566811416214462,0.26145207366764245,36.16970783487691,3.055327121736055,42.59643072654438,39.16769502603691,3.640623420026633,34.19
47.76371849704666,0.2842532014018421,0.805744729967951,0.30501818830434496,0.8836889710690612,25.067368782208327,0.6862472231543565,30.012055508203787,59.343928920611894,12.359982073980415,57.07
29.191417784742917,0.09335892623386327,0.6190202450436966,0.3674497400859881,0.4996876352794374,36.8322303903561,2.8016372909925034,43.12588335568505,62.45744252390059,4.392182722032844,39.52
44.95006371619077,0.6546620981781504,0.6129489983676554,0.07036449406420667,0.6186740630633343,37.62258860623423,1.5079474952963237,44.54102519613673,35.31968130886332,12.93623026077246,58.88
28.01108329665808,0.403137897677486,0.6398001061421426,0.3477453412833191,0.6054224288526976,7.894727871942043,4.648705084670134,37.61103144573305,37.21890363874806,12.786303397861927,38.44
29.949656780267233,0.39775591097037805,0.6374189594643467,0.20438366695658927,0.8967440353343243,16.66668340575707,4.953128364205097,28.328938685581786,30.334029759706873,4.228115672328944,36.14
36.76435732858029,0.6124919142128777,0.7745315288160912,0.29790274241904685,0.20555705145159328,48.01671339132386,2.1031956413850312,40.43784182690594,57.71134080086778,4.130252326622434,38.76
46.523619178921486,0.22098160955322194,0.7005194936010744,0.3832204157175483,0.4704733817220443,23.156950979965913,2.372300044201153,41.75366710838054,44.76781247812724,7.834951472088504,65.25
47.76690130704381,0.6300302000804339,0.6201780191199202,0.38422402858396754,0.715248325060535,52.87349289099647,0.9753721603502226,31.83277591735237,64.83321086372773,7.038492699519447,45.1
43.086707127680214,0.4597116791100837,0.4408501198370699,0.15914423502109076,0.5062878187251156,9.5692290595903,1.3018588614568563,37.13801478724256,60.18222185253248,7.028579413150651,52.3
41.01032307061034,0.15221501152213837,0.46652522709197214,0.08325449447879754,0.688734675745936,8.842928775636025,2.3495495340917256,38.13509497057095,62.51539492952081,10.694615317113259,55.6
41.59756814505891,0.27697326268511685,0.3622067177600954,0.022632961463536105,0.40819071253247496,10.11613182002844,1.9722789331600727,39.943828367294294,56.14153108959157,5.817997152367305,59.2
32.335431396035986,0.3769348670471118,0.5570573133610799,0.12051873556736076,0.3946008471804423,53.937872127047456,2.778192853274018,37.55530273681437,25.350734066562786,4.182089379625402,37.97
47.31961485037537,0.1639071272865874,0.41230279792880736,0.3960627975139917,0.5608314817519221,19.557204324451778,3.2449228183367365,36.437138836779546,68.08520912386561,2.998340575904543,60.47
33.5817275692597,0.5743350651436505,0.7934042384080064,0.3396891432093594,0.8500217741663165,40.34263035272072,0.8835399042313292,28.882344089479208,40.3344359701386,7.94083830333293,26.26
42.84413867851192,0.519588260549151,0.880347150779621,0.1602292361997638,0.7892957456073226,41.542398478495954,4.94599768276301,41.1514592705592,37.760853881592794,2.183268789532807,65.89
42.32138087689494,0.5781943081583013,0.7552709081001265,0.2943044359972677,0.7636058514381314,51.33182560824116,4.587734153256673,34.44685467927971,26.393268563478156,2.4641791219528004,46.24
44.69959059800814,0.6009472973000891,0.48307270686094705,0.1206446501391869,0.5799510833236594,46.292246757236754,3.2551813744504066,30.376698832212092,41.300527464635095,8.665110982298454,44.31
44.61268040177415,0.655911646496427,0.27032416592267905,0.08976303613835533,0.4941176829795662,18.41270023545345,2.1597943758005256,28.692260886458943,27.970597157326676,12.060337735244893,36.36
44.48150223989499,0.24923280117197277,0.41645635892219907,0.040298811250722856,0.20994753611262404,21.475007639160033,4.209713150211119,43.63924289714705,27.77135002586483,2.370896765667305,62.75
43.32579617371392,0.18317379791525856,0.36156726207612616,0.35557707915651576,0.856211779068901,37.85503940984877,0.987266146311099,34.479536224076725,35.627983277159736,10.062146982117545,47.64
30.84267444035111,0.6336712913895622,0.5239781350286856,0.31800234179797937,0.23872820640647174,21.750221725010757,0.2709485489471609,40.214240434406044,28.575293660403332,6.059429492317334,27.96
42.97932956865828,0.46618825324234764,0.6858144471889722,0.2604925300414291,0.6809569692551227,21.182041282152785,0.3351953795689069,35.51103944686826,27.04568432156551,7.6264087414837025,42.64
31.574430745276384,0.559770059739971,0.6929465393373018,0.22381581628037772,0.8944314350912654,17.933729886930962,1.4577546630319687,31.118408864390613,49.49979045017649,4.464286192382966,30.51
34.08619540967608,0.36910515665343924,0.5706575354511136,0.1230586189741994,0.7538147158022661,38.98779268415534,3.851892935461974,38.3006479864469,45.7082031516945,7.387005158510195,45.36
35.54070482111032,0.33421885772292087,0.3145697834554241,0.27185218252855203,0.25769356192609494,54.50663236578505,0.8899403704141551,34.51063273401325,35.70012848042266,5.487897511806098,29.89
42.36673278108758,0.16488702755039175,0.38469957952553796,0.04048243610817766,0.44859499903555755,51.944570654747146,2.024523116880019,41.214751168791054,45.77667721000424,7.395196211744379,52.9
28.53638907147549,0.6121762244861619,0.5396459161201301,0.14045087407362367,0.8801262132191756,20.672686292223844,4.892947304413742,43.91806048781023,37.05654454975339,6.087232637884178,40.35
31.91220164529453,0.5257685166464895,0.2904058029059663,0.0822422106983864,0.5753793571915009,41.785849794453995,3.749257489045675,38.35167862819467,37.245070325315766,6.984534369721034,27.53
33.54034850081594,0.26009561345406795,0.6191933977234656,0.08303795542046633,0.2319271393880732,39.00764189355647,0.3046707229079374,44.503341903604166,40.76284796110018,2.078976467830192,43.99
39.996090666736556,0.5813049916466544,0.5045173009451758,0.14167275320557335,0.6913920822859476,24.11204549433868,2.8698012705004228,32.722988927950645,39.96904330288488,2.9862891586606564,40.42
34.977016539477944,0.6837494445302309,0.38183117688315427,0.1900210721078103,0.42914915040379337,39.084119495615035,4.080156414178019,36.27918241880392,41.511740083279534,10.937015828766155,26.98
39.98932676424264,0.5268558991773977,0.3884887279653509,0.2622797360456078,0.7514196088151945,9.10566473317177,1.7547559248280151,34.9072028148812,59.918082867695404,8.81006159495048,43.64
34.37544897341792,0.05263988869617441,0.21415406367451092,0.09617849029450345,0.28751795437631944,9.218503045444322,3.0931501955189424,38.292740494743306,27.014744924680436,9.127223021604959,44.46
35.54451469614479,0.6932945087839285,0.5654037542543142,0.013675205344938046,0.4607436512594062,37.88670425951184,1.278069846248432,44.395637028295795,44.1382164050912,2.2530476809125264,44.62
41.52379248705074,0.34639426508362814,0.8497195878417063,0.36077286698624256,0.3042200548645684,7.157304701911757,1.699083187667793,38.338255258550674,52.07178914419028,5.2597171967002785,54.49
34.14663433431068,0.5727296334657516,0.7823861264092911,0.03937400757093701,0.37441468413563894,14.18995841341267,4.614326320519038,33.9687837069619,62.641210002617825,7.7362160261273,37.66
46.06842715186488,0.33658591467637755,0.7213963420616483,0.16975100071614688,0.27640230243223446,5.760929313867303,1.1995528494977499,40.278556615860765,41.81423740452226,7.449290976650305,68.81
40.460751995761186,0.5722413367612688,0.6372782708030533,0.3938456327301225,0.21225604363435338,3.8148310170271045,2.6000268949521934,32.52893700090996,55.89296824079517,11.51852184263759,38.79
46.34676405492471,0.06944990957396573,0.6818827494561477,0.15380030650291565,0.7005794096074116,8.07708872376662,4.697985533306186,43.93594177728031,48.373036637925026,8.115014408781736,77.81
39.60137901095075,0.40330526843788234,0.6124338042201531,0.3434520688714678,0.6583000846855882,13.183386449430724,4.5867777938201995,31.671330515908377,32.432276265596116,13.964693948766335,41.58
30.00186717318815,0.41530468706504536,0.7790356205724951,0.024300287945320867,0.567578131413705,6.562121703763434,2.257717365868558,33.84732218909552,31.17082381598754,13.17225228116259,39.02
44.86112601156414,0.6388639439679814,0.8511297316919413,0.2992458465477515,0.43021123642564796,46.104496180478385,2.6968779751139356,32.6181166710551,42.35982144972639,5.614682369277303,44.16
43.62670276241825,0.3651637721976467,0.38750100466368703,0.0349612298716123,0.841817065347199,24.703167552369923,2.3212282177981653,40.98326669395372,63.23769231391643,8.133738895696046,58.64
32.78313401077967,0.6577941646179171,0.5975448876432193,0.2878419561980772,0.2856597907644281,36.119889522601255,1.970958955536959,35.65107057803433,55.69729145540813,11.555930518501338,30.59
45.46473704469261,0.1923436977246018,0.5940287632838327,0.06050619213389568,0.41693732929579025,49.56139640865749,0.2554725251597823,43.565390206972594,39.7780915261237,10.349545038525008,65.6
40.82542924673283,0.6411498318473725,0.5886413477799881,0.14484859931339034,0.7951832150721454,40.061722067322826,0.764924292425295,39.31692612690282,54.90951307381958,11.023054008316375,45.95
36.02555963281592,0.6740247367482777,0.601419844544455,0.20340199083925783,0.9401372691515733,14.936996858594897,2.1100971682823344,40.918020547128414,57.089526157872,13.600407716910585,44.21
34.26189946497372,0.3084737785855386,0.2627990468117529,0.3694881033288319,0.29650101705964427,31.376593651975277,2.1266965981638464,30.281801421556537,38.184651413115915,9.6028281908495,26.07
47.319790667025856,0.6409121516805328,0.2592210124285521,0.34734141934155605,0.44642841391118515,6.510231323340259,1.669341604601099,41.751087401693844,54.96241534755651,4.862715208044665,55.16
42.156422290210784,0.5328598862795134,0.5784596673646177,0.32757826084828123,0.6810216634676851,9.520758906708407,4.089228741225608,33.50405778575593,56.72656231887821,10.101580473101668,53.57
31.233673169773642,0.5017227571612324,0.794316347155587,0.33529252677381405,0.6698786313997744,14.825178026208807,1.7178078430541655,40.828670575969404,43.488426836811755,10.789969021618166,43.66
28.12636493073464,0.4422685420266107,0.6206414485737805,0.25102187311199864,0.4011392268263614,45.17568941620262,2.539840826385754,40.9605944527424,52.49920589693191,6.992849777627848,31.66
39.49954712024111,0.3819622367086267,0.6539923681435148,0.03437559054677175,0.8826958170165715,20.42426639628274,1.278526225217741,41.120538080495024,35.40498491916332,13.94923547841272,55.2
33.93248817326287,0.09034229720694778,0.2292629241546741,0.03805622445614718,0.2037746216090839,20.008678929108896,1.6901811204838684,35.31155967245601,35.481531545849414,2.752893895329438,41.79
31.64292750610366,0.25578319246492454,0.3035944351508586,0.14604712944577175,0.8916651150216486,16.603356495540073,1.008316721660705,39.30119630103794,47.08964670823144,2.5670481897110857,42.23
42.306859437075516,0.6852439351312217,0.8568146336936069,0.23369931745009762,0.7145159701854595,24.294354847315013,4.464642495339423,37.39775002838891,39.649809685077045,2.1138979029149905,49.79
38.50867781029789,0.577720165611017,0.3309032384146455,0.3261605071389365,0.2114627076916727,33.540295640386084,2.1048915259754293,33.63584886282066,44.49831852250243,4.683097834388872,29.64
44.10213768002899,0.19804289514992074,0.7158803961474562,0.2845442177770529,0.22505031178025187,48.815765849752346,3.9889046244482254,41.53314324019753,61.41359734985621,8.990638748900766,55.35
31.583042809549102,0.09701835511208862,0.6929172306655954,0.1175748949582745,0.6561749179475396,23.368483872819816,1.8009159608048166,43.18522661811283,31.391955637536935,4.267827852723789,48.91
43.652020255302595,0.5909394197901989,0.36180480143957633,0.3528453673157816,0.6571629923184166,45.80735778353025,0.5289053129754544,34.067203711752164,48.6188793020801,8.923484390987431,47.0
38.77316489204351,0.48256618151046593,0.4531165600352709,0.2002956977122523,0.41942481623304495,48.26601413734324,3.0761917121121267,37.37165623431023,67.49608416449695,9.97917828392131,39.76
40.835061623878985,0.675055246824594,0.216490779149109,0.2506364028043977,0.31762622066483703,45.45589457545224,3.2752857422780335,43.92882138048263,55.13100379438434,2.2066267178917363,46.56
46.073361272323105,0.20099695271136392,0.2580274829259194,0.2879551476887367,0.5768814252043399,5.474953592524484,1.5435931157092355,33.55472700993262,55.05376650943759,7.6592026485291935,60.45
44.132073991891545,0.230971114025951,0.6708009191027162,0.14702292193149,0.5137775356599532,31.906925484879565,3.539104663051002,44.06831943528937,37.10550231512228,3.2449426357049047,61.95
38.93431997635346,0.19820234262549502,0.8233470417753264,0.3195388063518228,0.5702479350816454,26.40332451785061,0.3955580321821399,37.1271254571967,51.80861929407493,12.699581377429398,45.56
31.147548453562585,0.16703698579517678,0.3119071929664016,0.37541394962222446,0.7950419430203055,45.88783856864279,4.234080890290179,29.62578892402873,56.59795852817254,10.452040550264302,25.31
37.813315404784746,0.480580074677015,0.8281355058388413,0.04417020437199342,0.8691448655049763,50.96557826287964,4.6333272071554275,28.08219316578803,34.944944773966846,10.294942832304455,40.06
29.221665830317257,0.545912352357026,0.2200145347255608,0.17840853117285757,0.9106820680666168,25.89210697093241,4.577058969933471,34.953072180796745,40.60087490958818,3.2885936311882813,24.8
34.73972980043613,0.6002582708850402,0.8439406219511902,0.008772034301331956,0.27369230791025057,36.447880288689525,2.526765862834373,33.04693679580063,36.69581768723476,4.696095074223438,35.03
28.3495987297432,0.5302748447048227,0.4102716055235117,0.17073258049422824,0.5952891483815439,13.990699341837747,4.44177270763377,39.595585338030546,64.16333539313499,7.705407263170816,34.92
32.742851370182834,0.40414623478484846,0.6152145013225345,0.16796935081673492,0.30903692023447926,17.201432039371362,0.26840724568336044,33.42535905290454,51.134153948089306,13.468533174044062,29.81
29.109290610549593,0.24260233711645035,0.3097583887180222,0.27820759875762247,0.20431187339499923,54.00508879818973,4.307200041259284,36.341400065281434,66.44239989131081,9.536711991887325,28.73
33.56612402818935,0.6979889927013837,0.32617310448545056,0.14136734705561613,0.9014930602550708,22.26819883319336,1.2072146099353596,29.011280793044897,31.703119437494813,6.26268128385423,26.98
38.849022688404794,0.5788321964426674,0.20939039487286892,0.33644645249223076,0.6329370072673319,42.3368590307941,3.833500259396117,43.35444554822386,29.20210939754567,8.858183460276859,41.31
42.384126280764384,0.11278019247274965,0.6297750176158299,0.3199523636803778,0.4061463397292741,35.88964822086912,4.233978662691892,36.90573825043863,33.73842403804415,8.59618546540093,56.82
36.0570554446812,0.49175080594293813,0.503333026281876,0.35096203506178963,0.7937191006341364,44.848137024155804,2.72516818531177,31.3379129500414,57.59898185987492,2.827056218953179,35.65
29.059581629630348,0.39347214678205755,0.6801455183902336,0.1676792985677194,0.5126773749157405,9.385280214256337,1.648878105432126,35.55265324994511,63.860296238360164,12.775758828068916,35.12
30.005273942533606,0.2425370273247769,0.5240390431273436,0.25669752975602095,0.7270988671996201,43.872847008183655,2.5801942882887388,37.461932532657215,68.22568100731951,4.88033935747635,38.01
42.23636068714909,0.141058393873269,0.8485441849026731,0.3421424624505794,0.7846284896725446,9.592226355185083,0.8704185492456822,39.61437378937576,29.827150683059443,3.359787270833949,67.5
28.107557775512436,0.5189642118303965,0.5781448952223787,0.03126965968586033,0.6076870613467569,5.812569389600254,0.5393413087915155,36.25292523257472,47.49204627320403,6.067937274718441,41.66
35.74716805309582,0.4315243763584417,0.4448494561797439,0.2859867858635902,0.6344645880946758,11.322264435795832,3.4940905048530553,41.326910683068796,27.96433305802372,9.319527143607313,47.61
30.293057955572067,0.6360740728277702,0.4903591503769292,0.29513592843948727,0.8742873851219506,54.46113184525473,3.002840307350191,39.97265678455362,36.32648533528389,5.480556466224641,37.38
35.96487807304679,0.5845820703782245,0.23541777017691695,0.08730136871716497,0.32757056672761464,30.40750842452778,0.586546628271822,33.845797436162236,69.38102994327684,11.530605640404465,26.59
30.702293988810855,0.2869634192783086,0.6764115799010777,0.008650094897358507,0.5254823682320956,51.28666903958427,0.5952310731181176,43.40640875800201,33.75347310344662,4.269286680129575,45.58
46.62512164606423,0.4424342463558807,0.7255522617078112,0.1465630424338686,0.8549382019798337,33.26073106757675,3.0792076793913976,40.78945788532833,59.81391805026228,10.182362859035479,56.58
45.3345318546645,0.2195844254554214,0.8973359108400436,0.1542031727074373,0.28999797319919574,19.43649813463818,2.952964369283347,34.654586049441136,62.29067600361495,10.186475545045715,58.77
38.77706609926591,0.5618958001288523,0.8238636260867951,0.15797773396321665,0.8933485401135792,4.870411900212513,3.448117770462888,41.293740662317255,44.13136212889249,2.1316937110259113,58.62
34.85128485075982,0.14867842055013408,0.30997614356106723,0.3076656223325285,0.3405420681593306,28.17311150339266,4.857868926351482,40.89991786376181,49.62371419216301,8.339304231490395,44.79
36.92847150030548,0.144184775039118,0.25850748066173046,0.04365489438369381,0.6549583674888335,13.064755103616527,0.9168584719572024,42.741226355648784,30.49058334555038,10.46762136690559,53.77
39.581594755299186,0.06518101942305539,0.20001346766160516,0.3268994176075698,0.5565808688823248,6.707960695358022,1.848589295314632,36.60802541626335,31.09720645811499,8.556055397330452,53.46
40.05670332688452,0.576670173416035,0.4889451693708033,0.3554240113840285,0.5560053146824535,26.771746139144263,3.3472913523391012,38.497860660521326,25.514572244151672,13.789167082690339,45.58
33.62571884993112,0.41307917110773873,0.7393396215127546,0.3681871296391833,0.6394299800933746,3.984886912785486,3.4672541481787778,29.582327171283662,55.202999809191994,9.049131224367605,39.21
31.785153979708017,0.37084641082777153,0.6325697561267101,0.12011716456566512,0.33621744606762327,14.579398422087555,4.318480011726941,35.89723984501501,54.74830196394491,8.178666369787942,34.02
38.169897342945724,0.11066145339905996,0.33858928547320716,0.005306166068808471,0.8236432122947956,37.490187331999586,3.8441692069839943,40.15534398983626,62.101585993151375,13.843634037407034,55.15
33.045312059208776,0.1159035274363987,0.6128235498762568,0.3083028245123251,0.6211787856509596,18.784847938857375,3.6547272699475326,35.6155324331843,37.89650955815459,12.093013856292933,38.54
33.6689599577258,0.26359281730729717,0.6001655807693328,0.1691694375967809,0.3203893386008009,34.74443648438816,3.507728317050778,28.001849536818387,49.159119224202215,8.925937758590802,32.02
34.774625180762676,0.2564782735140585,0.5117296478295901,0.32477595154371997,0.5517695503196965,54.66973274741516,2.005561638880798,39.887458354844185,49.70345521258436,11.147463453470646,39.95
38.23366586240635,0.37141148596612006,0.8599033209254638,0.37346382905200554,0.9477475471949204,11.136747594965335,0.217129873449332,35.43427513524277,58.00030735120216,2.874272121545598,57.62
39.62918953575205,0.18815582628325772,0.7117993984447653,0.09181506199030053,0.8305040114103639,21.110213559253765,3.0735125475061302,37.2506181207001,38.34010224149217,7.268859485712274,60.72
38.96688571251794,0.0861315245377696,0.6991226036449267,0.07298099911847747,0.5645470726301358,27.364021796769865,2.5351372570413377,28.527238107541898,37.25748336406412,2.6088256726267347,44.36
40.42673454572431,0.4751481817110347,0.24518360256166788,0.047555641985975595,0.6961300839971527,30.62175777677667,4.200377639497155,31.48741684264381,30.415402940937245,6.344289753648164,42.76
37.719344827107065,0.11408562296363434,0.249904462248497,0.2710774508635427,0.4227261585625426,37.813088492894174,1.6155914387679484,33.351501601340225,34.441662913600695,13.804603538276773,34.98
30.545048677232696,0.5935886176121283,0.2967132138423648,0.11227875677642928,0.3970887262082443,39.24325027740984,2.1737656545911554,42.28999298472682,58.634223808258334,8.373215974493794,33.44
43.84837619072063,0.6128938601614293,0.7853977577760234,0.020685507044600815,0.7234690121415799,39.604809086668006,4.726762591501621,32.47913223439357,60.38560732794665,10.269158001947758,52.69
41.86616060628246,0.6040954488767395,0.4517027429258962,0.06304976829284095,0.4725140259844432,45.38268781995272,0.8319198928573892,38.84506804801632,69.44002248330838,12.74017850954653,45.59
43.85260653656324,0.12570969514265407,0.5491836337594989,0.2127649693091966,0.7870218197194423,17.69485397700143,0.7111293749202894,39.86793532398184,47.16673583070987,12.107528716624596,56.82
44.92541558376658,0.3800927511819723,0.7478889568760401,0.28829807156790666,0.39956190528509805,19.088712904526123,4.5161385080923,31.927121169710073,56.38752503174237,3.741441583967656,54.49
32.46579699158653,0.43614249228835533,0.5949704414159264,0.0814057012134065,0.5685524908442674,48.72089732303188,3.4665408711297268,44.87512478468582,60.30494174482885,9.721465211636058,44.52
46.74857292057456,0.39255873427914384,0.48187093944507364,0.33379743174764137,0.9051833141902637,27.903678378808902,0.8587449133404923,38.34233790960687,58.33970178680792,6.4836329982012835,64.19
38.62102685284582,0.24588148476636745,0.6406648599099792,0.15557902620655392,0.7901191279664381,3.160161451676646,4.127254956575895,33.211779718022925,68.18319535659913,11.10997841149236,49.51
47.57598317462962,0.37472738479786905,0.5660466580852184,0.3638072536375462,0.888802300611339,39.23789021926491,4.896558269898818,33.59079526298608,35.45514629808698,2.351080657366467,65.07
40.052666866241694,0.2484963824458099,0.6057341799924661,0.01935430086554706,0.46556829848467335,41.89625513699612,0.7007689289166419,40.152236746143764,59.349000085427,8.825138109402484,52.2
47.09127024451302,0.07254036391991271,0.6753581168493785,0.09486980098941178,0.5061374817536206,35.404022690504355,3.618906897562287,42.283245805601695,56.742411322761676,11.328787926359732,71.09
30.341181674432498,0.06392970467544068,0.5708481342450704,0.28621641918072,0.28164919133101757,25.323389289531995,1.4296515044270948,37.64058185232743,42.572623859072266,4.417610005209757,34.15
34.43050190761861,0.385505395346103,0.8504463581024213,0.09099040595453159,0.584191299472725,32.45781979266627,3.316292752923133,33.58562796486568,29.476681877048986,13.056274882186905,35.78
36.764622764938416,0.42737372524660394,0.22031847529552198,0.01888625644606994,0.2575005618699364,41.41480837214389,1.290725557228879,31.135602790564434,25.375089974055296,2.2747705312830657,32.49
38.833558613543836,0.42638846814914766,0.5205378268266405,0.1838245088571353,0.7648566389497078,18.05764699920611,1.3410455264429098,42.52351119654112,56.01687134722383,7.7223973889944455,51.91
30.73163639157237,0.0743237778874847,0.7966557505938692,0.23735420055887657,0.2343721196839095,11.246544690527228,1.5419084871354756,32.472216991134836,49.67759451495711,6.793323478242382,36.26
42.388214012156425,0.6419761700515516,0.8039730376116165,0.3685476533973822,0.9350085877165732,19.208214779092053,1.2064668984975677,30.807590157667633,53.26398092571029,10.171600378116803,50.45
44.42143193465269,0.5589932454380139,0.6399317532440522,0.17424499178785338,0.31524296628199694,29.29079808845813,0.9640126185991251,38.28463934651187,38.94841286453811,4.967675147645561,43.85
39.614256005173296,0.2888516426213966,0.8745223807968014,0.0023590543700120928,0.8846457638357581,3.0355705730971474,1.240217305584435,44.93797082252756,57.764291907116025,9.733980460568102,68.47
36.165923740387484,0.5597363253620902,0.3084076230427957,0.3175569549582392,0.904645009933321,47.59971622634102,3.7503725758562876,39.07341432374851,48.449147439473236,6.742679354434257,36.08
40.94917149296154,0.33268520404455415,0.7493542026800508,0.021641501615339245,0.809839438199724,45.15651298271193,1.296941183947137,28.64041702850224,57.11685799884084,4.398459541156592,43.08
28.183648904853257,0.1993647878118439,0.22944367809074842,0.3130622941800878,0.63402161913042,47.11859579638754,4.820544179230051,38.37195262638187,35.42890766281054,3.1117932895713207,42.05
32.90226510037195,0.6307868460537502,0.8148013197299924,0.2511236849081041,0.6529968654313698,52.442976363398174,3.828872488567754,39.61579011006975,44.60833384083152,7.807981348842604,37.1
46.9264204071986,0.46477748857562623,0.7462545114066443,0.014879894033020237,0.8393197266063821,24.71719146711819,3.738369799117584,28.680430351953184,65.22429324786842,9.918147075190333,57.85
34.071161980202326,0.25216569259166655,0.4123786871334796,0.05241034109806089,0.5478571535218077,26.581290414971566,2.1772959645923233,39.95260203723852,43.89166882052879,3.0680446020034475,47.72
36.50201730294532,0.47593567528585434,0.8509274482832003,0.306966041146322,0.6040991533836528,31.341157373141126,4.277748978038752,42.00174898254371,33.03937294573407,9.518012978221243,49.93
44.06614854018126,0.13106541060299032,0.5049849756356738,0.2072932418437611,0.39335716591462755,38.33396804862157,2.4858871642943803,33.057648047100415,40.158903653535084,12.280020260079752,43.16
44.24751314825676,0.6440147337689087,0.8666145560770211,0.19673116431196358,0.27252771676225035,44.60369238010902,3.2404732563518164,34.46879223390323,68.89899186807492,6.064222432443637,45.89
39.85168896117284,0.07381728964932506,0.8022345756561036,0.3048847901021204,0.681865659747044,34.95853128400252,1.2504103647483342,31.64626419638886,26.312759277855676,3.8496495566442923,46.9
38.8144979268366,0.13502556237351931,0.5903005261913576,0.1053280484847181,0.39047084370677143,52.29309878513173,4.963253810424643,41.794456142215765,27.447639133003076,10.743580526524742,50.22
39.384426274417805,0.6309138589859073,0.4661369422209027,0.37153667402689317,0.7312791630044846,18.652614294598703,0.6556025546213118,41.860971841062074,45.61267338218479,2.8723218579196095,52.99
47.3392276379096,0.20795127042211797,0.8766138245001656,0.2724638318791616,0.4253683263715019,22.953849460660894,3.929784531718406,35.40205464173173,28.36378499489288,4.757769554836243,68.03
41.92348273956306,0.37566047226359794,0.37184696803093165,0.18983624603599877,0.7916367933331359,7.240246251392936,4.974885529929065,42.615963245601904,39.30846022817032,12.4469205665866,62.7
41.32708854198658,0.14081134981374943,0.8341262484935972,0.18013671876855009,0.8024208187548625,18.575237098689293,1.67841759489199,44.39971605969251,47.34969660985449,2.7186885605960267,63.62
32.54460044699477,0.6211899393258663,0.8415079145816771,0.029106405295201254,0.6368219206807886,54.03925348999601,4.668414150300153,36.92913586297863,55.622193787115606,9.251144421908895,43.04
41.05995149043142,0.2665417692755286,0.43658035043707744,0.1679952643762087,0.8391326625032893,15.393982939619193,1.4038000003780808,28.124778531311385,31.97530910135213,13.744151448859238,46.02
31.903293846283567,0.6776931769920126,0.21898250762585975,0.19366655465602528,0.803451601720637,43.186910639909186,1.108242874379933,40.032424447422,53.00298738906325,10.1033145937912,28.27
44.21468776063571,0.4135043810506775,0.7075546332537344,0.3758294039545458,0.8416229546678964,43.68154846740089,1.590313997270061,28.919412915187998,50.85900083452374,2.414156638632695,52.59
42.73643342592541,0.4158923198051293,0.31770633877894,0.3502885738273506,0.646940924003579,29.77438140385371,2.9244404458018622,29.409080475831725,58.31966746325169,2.7293070066685283,40.9
31.385141741409086,0.18500626032811707,0.36327797549548757,0.005722255395383469,0.868879123335258,44.82023411747258,0.35017494879887445,28.968763495990935,60.22945813645125,2.0816394508364127,30.0
30.14594508588616,0.43456094756206276,0.898838292519085,0.06880860621659264,0.9175128855195465,48.00488428466914,4.93210384709015,41.025206771242814,63.56474131539063,9.13517167490391,42.53
30.230245117588254,0.5320752978394765,0.6401065109008102,0.0239385930951459,0.4186927785114884,14.237553619371031,2.144842163834482,31.372006805903435,37.36733398683933,5.552361622914153,26.82
30.69747520140273,0.20671580256937017,0.42200364268606916,0.1796271753104291,0.22856647462248733,54.958995507783584,1.6418816122497222,32.88486263250542,49.969176396603444,12.248386151865393,26.81
32.976784016794916,0.41781907707698024,0.5380597850180108,0.16922993080891835,0.9379122130881674,54.78941375236538,2.8973303765964507,29.156066760220785,50.51129112173019,13.429665780594624,28.39
32.31001698862645,0.17357766331968483,0.30657909850809895,0.327913739764939,0.5675412927421051,20.578421674280776,1.7590744104305618,32.682025130224595,64.71788983514837,6.916158712965261,36.42
42.20809612130557,0.46304546197966884,0.7007558882158667,0.328782445811946,0.2759252859266895,3.103414555407525,0.44271795754953996,40.0154854055298,67.0523443112371,5.973264584196402,54.74
42.58369021737339,0.6857400265358479,0.5295551570427913,0.06642918691475756,0.7739235504408066,45.57858092911484,3.5950403633835935,42.67408844575625,41.7032162493957,10.283780038682586,54.74
36.92880291879675,0.20761990995115182,0.30817357085370156,0.014381299200795495,0.7035681936442504,48.51420059042566,1.7092132846940882,35.29700151861136,25.159612673615808,6.954257270377386,43.42
39.484000602492024,0.6405361688531903,0.5543067983850587,0.2702130639611447,0.7291121298542149,10.926459433086817,1.8635389174967654,29.92347437150493,44.83359717048656,12.647428179316924,45.23
37.12305966437853,0.18606030476691354,0.41715209606093906,0.37463982901396337,0.4272464931965313,41.03210244860084,0.4022799915894838,30.181337321606463,39.01650623372042,12.817050336322703,29.44
42.53489220170016,0.1588909034847985,0.6289894322826992,0.23473129230051248,0.6664609258547542,17.886379126451587,0.978094385372398,43.07025773532982,50.62497718756671,4.544518036651256,60.51
29.341829858504138,0.3589944757915432,0.4967235433280781,0.05309049494935745,0.5332792513869075,36.255681658820706,4.656754134720438,39.95414829731192,47.609587886639176,11.240613414333708,35.75
41.375631968897785,0.05329040841900842,0.2507857913146678,0.24970625458471313,0.3444121807909698,38.81393848576515,3.2564156696183386,29.08233473993472,42.66234999676014,9.35602637968347,42.88
44.32168321053494,0.2647878860822668,0.785701229578349,0.1417017704022577,0.2052401309000023,34.72030679152471,1.360009266358075,30.11448213388997,36.62610145021663,11.934967976952862,44.64
47.23393247740482,0.24683973595016312,0.5191500957323347,0.3210104411232735,0.4384270163802833,23.027445688273218,1.3389175483022822,37.73024442897934,54.667001447138965,5.821273461039157,56.22
42.7181562673994,0.4507882380752836,0.35329914992095257,0.1258590700663083,0.917835191952258,35.77058434048287,3.058293230678646,38.874742536880234,67.95000406571907,6.078308881915937,54.92
35.53484960538449,0.5706169111501979,0.2846712120729831,0.08272987918107377,0.3711841343586491,36.09162434172472,3.279598518220344,34.32206851764096,37.42865226480672,11.055823175834181,31.35
42.774754214961874,0.1866780963410576,0.8319439398634818,0.1654772982890128,0.6817226775068328,9.290404107927786,1.4186451605621695,39.91034610404452,49.765995264949304,11.245728571574691,64.66
39.386623614644854,0.607868338124133,0.49728294211408847,0.3580178878630016,0.4791614360337492,20.08689875204247,3.9412221283509377,28.196288791437585,32.74864539274618,2.8611888774533947,35.96
40.56142002657192,0.05674436481062963,0.3130244839782365,0.12101654343828226,0.42066975142145113,8.050901278515195,1.0296677890425747,42.39987993653031,56.526151372630174,5.55313259196016,59.7
29.603984043067037,0.27678885930868946,0.478648660239363,0.36167266255497804,0.7573367855114075,27.915996266148387,0.8473148901923839,39.154748033141594,67.12055407469717,2.9365382240882454,29.87
31.602291104383152,0.5058326073041401,0.3286992260703918,0.24000542195492158,0.3782184381719173,31.168299231970188,3.0807577718992505,38.51484552682144,55.72594950130356,2.8283549046193097,33.67
31.09195448470827,0.4900710945390022,0.286826329966186,0.19176588422070215,0.4900763194863544,53.302010545449896,3.2278839955733916,29.499500525272353,56.53989076470826,4.3296607913477985,21.12
35.568860808892836,0.5545465362004595,0.8608566571504732,0.3697340707391935,0.3280127238455096,6.14150082451815,4.176958492541656,32.899710468135616,51.22717467203144,13.743529582835729,42.66
35.4971178371371,0.6139393149949753,0.654986382954629,0.375021202701157,0.6737894862191252,18.785638338122503,4.0645213065079435,40.90748383365832,67.01285234854886,7.714003186556392,44.33
34.47646200723351,0.22469291742924663,0.8975694733989097,0.39090220649755775,0.5972348472508835,52.6644502829195,1.9095461485109237,42.44990350926967,53.56906710304009,10.60479336967597,42.25
40.716573000125265,0.6040132073580732,0.47440927546006995,0.3396755803852358,0.33756137294041144,13.397889850402956,3.6432474578816154,40.752208135568985,65.60354836904052,5.296194857656735,46.56
38.14943450813789,0.618971302494915,0.8800260975527974,0.3431305180818926,0.5674673372544539,47.89587627569362,1.2270604345713725,43.6598840709926,50.508068245812126,6.672363029625226,42.56
43.6801641973439,0.20607898329709812,0.27131586193811513,0.29324804146487254,0.9143517247496922,36.12286078266046,0.8844005796330783,38.937551280769966,30.248444328139755,5.642297036238943,56.14
37.750032481758,0.25888022058013577,0.2682653228917779,0.1236109209130607,0.6856775895621222,18.032240886024482,0.886746163486064,37.26155690543824,58.89522717639174,11.961696274477497,40.0
42.2214484184744,0.5916630364886664,0.6710224614002079,0.21090856203332253,0.24495452535567716,18.08178747898299,1.7351127557394879,34.71519126587935,67.79017164869407,4.506504108234115,44.55
47.82436213388441,0.4522164645074277,0.3462375065747272,0.38407637271124306,0.45221950179036263,5.489276899128814,2.270536483806466,32.09114683497582,61.84886978929053,4.639470010967065,54.45
28.723420330696193,0.6539522566472132,0.22953546874950947,0.3754159375947967,0.2552684568736221,48.374347333037996,4.190393780718646,38.105205239325976,26.61937378295564,9.453713681235378,16.01
39.14394949954339,0.4604916214403684,0.8776751822717053,0.3982028990627867,0.5903718549843799,7.773632463040247,0.843051409496854,40.24596494878026,69.18836142503795,7.232662684783373,56.72
35.060891050098974,0.3002566801283395,0.8976167337196854,0.2746333413177549,0.2883995645530598,20.527989281005624,0.4330818199948441,39.10202863789464,55.273267099468,2.68996094088696,46.47
46.05676733874025,0.5874304195486227,0.6019487988678514,0.19384934418984145,0.9446389340502446,40.55416909499461,4.772649013739899,29.216948644004116,34.54680203613483,2.3733324289385607,55.04
41.88462882330661,0.16547357434738927,0.881933425209489,0.38231888904588157,0.36844835369353024,36.64450715822095,3.4068940003308117,28.068284835364633,55.99509065208248,4.65608233726465,44.79
44.77014265119031,0.6384408300361221,0.7302877736410427,0.0659621754190337,0.47041573474138687,39.86443662649382,1.7519602076394196,40.070559871484605,40.1271426237672,4.1327534522145015,56.34
41.724555190071655,0.3861771967337931,0.6493071088095028,0.17522040724173232,0.7837484967375086,36.798253977524794,2.958111843609521,35.40131916308453,49.107740026208,2.6121166602975414,49.72
32.08823458530843,0.6090968242546971,0.7686406377329806,0.21118186648266113,0.8353483012343119,37.88176867842892,0.8780482154783038,40.59313682869621,69.8112909552438,2.491727705093105,32.88
39.95481496767129,0.31987639466142137,0.6462893445826501,0.2345617332555143,0.7909921009246321,6.68695184731879,2.3149571356565524,42.62091442472661,41.32428574061328,8.045465663242945,60.81
32.48347790168597,0.3513758290285252,0.47927768838504053,0.2858619507640572,0.6589099861936583,48.77469115255393,4.302899368147525,32.100737293027265,25.793742806524193,12.253649236445149,26.88
34.942194184812,0.15295661882900818,0.6851050863030629,0.11204356734431792,0.33255732579668273,29.176318535202068,3.8019963484229238,32.58317615792446,57.491755044498284,7.543701316052856,37.85
35.19041736272338,0.1446276274576489,0.43284363679445925,0.3517006122509928,0.276625193354044,52.831600785293745,0.7159833319415259,34.154537919089016,52.283777821024486,12.054096843297783,32.54
30.82204448116864,0.4584457810301216,0.40492264268334455,0.2578008388071962,0.815437402197148,6.997266571352343,4.253571790773356,28.638951058025505,65.44717833799658,13.70741769920038,31.98
47.68510609888348,0.5842946973835925,0.23105585009366905,0.001524377680986744,0.2155988670666992,26.499161915807797,3.192236533364789,36.18502098590899,55.4708646616553,7.395231609354543,54.05
32.52333409702041,0.6952057537930616,0.4421046863890654,0.12990629509789176,0.31459403676438075,54.3314735501859,1.306204743644474,38.99605164331551,26.89213561684879,2.797667960760262,34.61
40.70336325693449,0.4921055571534259,0.36167928500239044,0.3939555930088963,0.6187813716186842,53.4165049579718,0.988018654281825,34.88669166730176,40.105848354480784,11.06089912047035,42.22
37.730875866394065,0.0604962027412686,0.32264399642596114,0.02010626684386554,0.835260926936884,18.068121499483887,0.7660286571232313,34.020930209787046,28.47801922748632,13.746285618787963,50.79
46.66133397779606,0.49377364905934157,0.5962748911967953,0.19019879884898272,0.7155350801025409,38.686317344400756,0.2505010916516692,43.43232367398177,41.558353919694355,6.2392774585159465,59.84
41.70565610617868,0.2944115284322965,0.461681743349042,0.025385951851377445,0.5124812483201961,10.7728808062752,4.306828419486946,33.686688414353874,68.23903291277517,10.214336030803786,55.47
46.95502362805492,0.2053075977808323,0.597103678784587,0.016290321797824883,0.27556901596677064,22.06251983837697,3.4760088829997136,42.138791240894086,36.53818911130628,10.988926563651287,73.65
28.121112122326622,0.08536846622122729,0.609891035964005,0.19885901843772547,0.40281892094707417,3.3404886473469824,2.926449676416326,41.89931282610408,28.08451950655203,10.83769348872569,42.83
37.587095444022694,0.08142188073443392,0.846499991474607,0.1909763955706971,0.49970522066090306,47.796720908562214,4.258775499121941,40.363436201000404,62.32119923050038,3.491941771795287,54.82
34.56068165968256,0.6138716157543805,0.45916202619080143,0.021721580848030178,0.5107851775777743,42.352405823970784,2.6044738927011073,40.98177650075246,26.587318338974814,4.125970443212348,42.59
35.70627507695263,0.49211423338562976,0.8737879631842953,0.26394478428020557,0.5130221711619498,31.202928959053715,4.581567112141618,39.44081719325762,61.14307739895375,5.618220909218402,47.97
30.788627386797234,0.5373541506633913,0.817091014961697,0.3600929868213687,0.2874425457894858,46.15386673383418,0.7276953092865761,36.13274820580697,55.71346883587743,7.81098933814099,21.92
41.676423149917106,0.479571203819481,0.608024858615897,0.21137146591069278,0.7293049243417535,23.95792694845988,0.5300875891632242,37.1367266732508,57.555499850972645,5.589918891392802,46.83
46.23682388324238,0.6114372820850272,0.6329039535039234,0.3146428614816305,0.9266039860808162,32.601466997795725,1.3720720860816311,38.859803839054564,66.15671542452043,10.28177841678176,54.16
46.342652077250314,0.5398889159150791,0.4812817093781786,0.39499675573962634,0.7412594996266602,45.922936255455966,4.7271994843992164,28.672833900258123,59.848892981650536,6.636157224293624,52.59
45.57791711866466,0.5886020058267502,0.7454404099569554,0.31771313384997313,0.42241437554120564,24.139466718572322,0.7522634753746926,42.12005587164744,54.07029141210964,9.352600581399422,48.13
40.3007216810318,0.3454586213677501,0.8966881646659317,0.3452273090949751,0.5944871614299179,45.039689499531114,0.9896240041200239,29.723808485152226,53.37928598539138,10.721429935266713,38.08
32.01926702395641,0.3992241849996079,0.24397161971217737,0.1696211345134799,0.5615598345937258,50.93410607119381,1.7152471827002271,30.867364048395586,25.33787164235385,3.4592972725237816,25.28
36.89843764932293,0.1791712777787674,0.8531193860254469,0.3150153273754897,0.2857735185123861,16.985782454454174,4.27731911612622,39.77133835255614,67.5495346418067,2.914993256835683,52.42
29.52822831687129,0.26883025819991874,0.7254681377227281,0.2844039897010516,0.2015883673551825,13.50103250823144,3.937153647457094,30.144507714450267,39.68705076818202,4.206674082755876,28.53
44.73251490646023,0.0898721341536928,0.5752349638260468,0.2770682046836965,0.24319266399079123,35.938192073701956,1.8035144731574384,42.17026880415962,60.89468299980575,11.526860446599756,58.51
44.45096379500825,0.4594883026071666,0.46507849571106696,0.03226798218216738,0.2501141845090532,16.07288499079587,1.6380062936224034,43.76798095460145,69.99721242410544,3.7240861694021636,58.79
42.130800233705,0.374095309438241,0.8682806475442331,0.28547727292852015,0.6452408915893071,13.895391729027065,1.373330968979791,43.49552951312617,34.67674515375636,2.3876721715358955,62.93
37.61111439224463,0.2982770944759027,0.8550620990270392,0.1674296177762006,0.8667895157486116,33.92247256744207,2.715798427576892,30.723325755124684,37.19643612011002,12.406001321828331,41.17
36.948467288981625,0.6408644002743885,0.7734250921607975,0.04483373325160187,0.6544478703517274,44.53984675052207,4.080051814084037,29.55280002447215,35.107502628866264,6.956471801707012,38.73
30.178762933959906,0.458720279279625,0.5552314160764108,0.061995901719421556,0.6397864972078076,6.22477757713614,2.0385970845118924,41.47280538018658,65.05223364543411,4.9428155935946885,48.01
45.83515560255191,0.44447349799256064,0.8875245283373461,0.09847032895712277,0.25173067407672023,46.85904389794494,2.5564671641578607,33.88971594473097,27.48547741709055,2.775493745852582,52.35
31.672850411113075,0.6807606007453113,0.396982899443505,0.3268189201809058,0.21456033529958157,19.73438317710644,4.549723678333014,31.145693308985287,37.78105841860643,11.918178580556582,18.57
29.063663815447683,0.6778848907417087,0.48335423108102316,0.2631485079112461,0.29533693355101365,14.449224689076893,2.4079076391676346,39.47760469628922,38.19615600069662,12.615605012480502,27.83
39.03115781717078,0.3484872692357709,0.6336797799197562,0.2926652665788181,0.3012127214680399,47.33735085316604,2.549133361557177,43.90084782676237,67.9994078251352,2.368601852217022,50.49
38.524468264925304,0.40073706728279096,0.7756753567929062,0.05644159497150741,0.6668620172711921,52.01504336795365,4.984117730260575,28.17145419665564,68.7655277304299,3.4665203333635533,46.45
32.92739618566879,0.44415417430612153,0.2259186141902784,0.09533307226911757,0.4254317248992292,50.61157346814356,3.0014218248726188,40.0395652801153,55.420683249268166,6.7074600391901935,34.51
30.14041526532402,0.348225514862405,0.8589063452075301,0.09950312297341646,0.7237390397138403,45.98298384127056,4.552569364077248,32.98926900413092,66.90774285523392,9.295787126458153,34.66
43.5678526372177,0.20516319868495236,0.7688061620786748,0.2599850777766946,0.7995245966340125,47.49755414257187,3.163267726514152,28.624496836143976,38.398644705924944,12.536236939539034,49.45
45.80112725241154,0.299943526332037,0.5533092190651272,0.3450369768683656,0.7715235183187721,22.63005882693798,0.30862537299898507,42.96577257368099,60.38605809172687,7.3899299685975715,62.93
32.086240342681094,0.3178657083933145,0.3142367989080177,0.08422782943633439,0.8347771199925706,21.848563644464804,4.110671950046534,36.05629768881223,28.184999915759732,6.338326263274414,40.45
41.87152829252685,0.6424061304313551,0.7341528948793408,0.3113750434584184,0.8463999100203248,43.38656184065957,2.9291516115521206,40.14269692082004,43.717963925319665,2.849455710785522,60.03
42.43321928180286,0.19541968377885366,0.8677590946777138,0.021004573055797282,0.7519692862084126,53.36087620862092,1.683918932959906,43.51191210784246,62.189631395371116,10.929313583254814,67.0
41.08114149616804,0.37167242403772643,0.6729767152614459,0.16472951703097496,0.44366538005966394,7.276772501639426,2.0144411763698993,41.654315994256656,67.54461047154463,13.70182061087651,61.04
39.42863523951907,0.42423630293888154,0.32323328118873584,0.23265128110777566,0.4720721302383407,52.005134670240025,1.4249705610834384,42.19434032364194,65.35850327407246,10.83046706639439,44.66
33.207381367329376,0.6812266125553323,0.2530803462848007,0.04683436288165042,0.9339273007835174,43.398528257917434,3.7826424850890117,30.723531939476906,47.00224741868885,12.089151229814743,25.62
31.85530264828821,0.05711445654928646,0.6357797394025326,0.1175241241127178,0.8477543201589055,17.742940511496094,0.927563898485616,44.32760770407341,68.41496555145292,10.22028594023288,47.14
31.236671624975656,0.34922155898069124,0.34291122367499466,0.19151330327801164,0.7933834990601043,46.9362480440033,0.21998909248495996,34.62155774389766,69.73309092006141,9.07177954178042,25.16
35.77988520083526,0.2596664353119653,0.5133189010213041,0.17779465343665424,0.5801474788980977,27.15431237400081,2.677345687791124,28.47581215552811,27.449210341475947,6.453727678495733,33.82
43.81664606803169,0.1215998672425165,0.5463816711203436,0.24183490839126254,0.5608919321263173,39.273465122911176,4.986863158829702,29.640060208931914,48.1990314155651,8.148457555550639,47.63
31.339349119659154,0.46493256414299233,0.23103864581214342,0.2964493947727287,0.6973696442300841,20.182030757458485,4.947148933280237,42.08923250541003,49.27910357698104,13.886124919227278,32.82
30.759545602732295,0.4341893927231275,0.6066003456780646,0.2611780686877999,0.9055674436830714,28.585659491903826,0.5714310256823133,36.14863312893094,60.45074741118143,6.303305297522602,33.94
34.06486443813286,0.4933974640569252,0.26020659966011705,0.15038592347569943,0.2998481262506266,27.74828677002184,0.8792647605060211,29.853628575165075,56.40094563678262,3.896019063644129,23.98
39.85038350932222,0.07833597751780154,0.22309484016013498,0.17257850757884263,0.4738216124184195,31.32020891260576,4.9687261629931925,35.39001043243846,50.922626985573615,13.030923514148318,52.02
43.62241051144275,0.4066241483627757,0.646045073476558,0.3730009761108683,0.20052782623826604,49.84887424110273,2.5889216943537865,38.31499427710642,45.252608738313015,5.131023552227883,48.18
46.902514189665396,0.45551953407857837,0.8114295162232672,0.11632331322195194,0.4084992118990908,20.460791124779057,1.308983498909157,36.46550212753874,67.13086962225405,12.512752059559782,61.26
34.9752493165205,0.4475970717963128,0.6285806934353295,0.27350563560160596,0.6017000193735911,4.3912735307485296,0.5650232832670083,44.55417475188224,58.58058828099343,13.378962783226669,51.53
38.69898836626588,0.25926874740632205,0.8362545327476014,0.11509335326643733,0.7203584779036145,12.102889894338897,0.7052069651680288,30.6457875932078,48.825486997726934,12.13449248611036,42.76
40.45366087655561,0.3968422957006581,0.7508178133256207,0.025497681021823527,0.807047926509455,42.43573613157501,2.741799325303782,28.3907785876888,34.098864123609886,6.436551192851738,44.73
40.76977648380095,0.3815601986117373,0.5418984942840703,0.3119902926476599,0.4427226792234562,7.91528979682745,3.4498078773908984,33.59327213436649,39.65167766417905,7.456582833129556,54.69
46.43405059614254,0.6005307744121235,0.8937618316811429,0.385819518372265,0.43584150891016316,22.791093851400827,3.55163835344035,28.26938034340494,69.72499984249536,2.130116984793398,50.74
41.37400624260741,0.6441951001708386,0.650895424544677,0.23878751988136046,0.42526947436273044,33.72791253802589,3.798567262362917,36.76505854223799,60.083588422920606,2.8353565624902175,49.21
47.19627868128079,0.2602388684926581,0.6352987112709101,0.2079539030667267,0.9024680099920361,11.464137573114712,1.637062877646844,42.66041419232464,54.979114514793935,8.516592328028597,72.05
36.226308660410204,0.6576997437969259,0.6697529231736683,0.3716393545660547,0.9291395815909949,31.444416317366134,3.1274669371103,39.158203794208134,62.76260512959335,9.908860551275614,37.57
46.84860219108333,0.47960733299486175,0.8089420902526794,0.16989509831278726,0.5560372684179631,38.82053034157175,3.9267391343938325,29.333798069694847,43.33042750867199,11.238276563526068,56.76
28.232849023925066,0.22212534783712767,0.5253940073326648,0.08917668070731169,0.22019164891823984,31.056237253477757,3.3171133233903904,35.07305503696792,41.64451358597527,13.82732672215382,21.96
43.96138906483377,0.23666321192727136,0.7811317771502824,0.3294798756799588,0.4007765910822675,37.10445751136868,3.473671888099284,35.5244639920432,59.82010282948474,5.682623134363871,58.55
47.80303411659581,0.16613918657444957,0.30344790541207445,0.05687947495875876,0.9485819538759288,11.315490382866951,1.113148336793315,39.81137195192618,59.17734811622011,8.324735665593956,66.74
28.778177606424876,0.4535335648817087,0.624528523581132,0.1284979149145634,0.8745803525583857,31.74984871746452,1.3824332871594307,29.50209477541262,29.82035020921792,12.767950955240234,22.01
46.140106032234854,0.12807664071934463,0.8887546799069681,0.33333962834492376,0.28717155619776086,7.474938146449716,4.05649847562328,29.327126339924533,36.79814435536419,11.614997711201248,57.44
43.35304116517374,0.6284303334893655,0.5919218191261989,0.3118444648198033,0.458139746367068,43.8311315877928,3.4627563556375383,37.77211108220402,69.65355943070125,7.637354298498094,43.89
38.19811373727694,0.21933237072437273,0.43125583667670786,0.3915143071823764,0.4940828435110302,38.32912590671074,2.9220668656098288,43.12668962076173,59.09605351283522,2.9678168719982865,56.1
42.23827085515617,0.15488192520760538,0.5524074270918389,0.12710761933154707,0.24856567234512725,54.851596567608446,4.660950077643903,40.707944623241545,34.04616258640057,13.862314323073642,53.27
47.32150875734588,0.07767628973971512,0.3214295021346197,0.2708987540846318,0.8803847833592551,12.140675065226134,1.7220715502005985,37.99901463564603,69.9847459070304,11.59598104139696,63.46
41.500250691954854,0.6202913259333239,0.5549315226219397,0.04966345397687686,0.7321680644236221,34.276695964794584,2.5296803077513217,32.674845563802144,60.28913554865609,11.84492097699785,49.71
46.555331191891185,0.2903321013395966,0.2752937463689477,0.06661134700423164,0.5708866028066879,7.152875654259118,3.6483802112640342,41.51662954006332,49.726074971289016,12.720181435762509,63.15
36.951621754213164,0.1079326593450162,0.36188487674945147,0.26304641748539637,0.5043382872873516,38.62048849578151,3.400328893533387,38.29125832239913,32.10246551045428,5.430983552685473,45.33
44.488359798631784,0.49344484389625304,0.6514539862019243,0.26885493788438913,0.5774015610885472,5.0608492043392985,1.1653792999950163,30.38513664860682,27.87984989771698,5.833719775799581,54.19
30.302636072876087,0.1224246361032492,0.2869848134340622,0.10792867650257648,0.35165535353571775,3.725978056626882,1.527211105204902,44.93700589915399,40.141889928516804,4.535108383685872,43.53
32.587369284989535,0.41376938085846343,0.48045909248058094,0.35873652731177974,0.895939446659938,40.079185417385624,1.2353323891531345,36.05627531384862,38.74404251683364,11.579329629318476,32.53
41.24983388689657,0.2600974369936829,0.5367032077138671,0.1291979885156264,0.47359252044377304,38.06685721722805,3.0583728004628017,32.14951717681222,26.963693266643226,12.272261718236845,48.04
40.374604484983664,0.36752452710157246,0.633258144853142,0.2507889887194292,0.21128040256580308,30.72947406317964,2.610118250739519,29.62889777691396,58.56468374483376,4.8303124345252915,38.87
44.063179481668186,0.612335638352979,0.36848632942051845,0.27501820678014316,0.20371300554687263,40.499797835879846,2.4311381285150895,41.47221280996109,42.6865287699667,6.21290873024938,43.65
28.77293395830332,0.17165724146967098,0.48849020822131,0.23853526455657614,0.20383438483778024,32.90768012270348,2.016764190242242,38.71003474289938,65.81382278151531,7.290464139519201,25.88
37.255798369857146,0.12703930208754438,0.7551790914229841,0.35407828822951654,0.8085999359626097,52.2750218663079,2.446536885425045,39.08946984354656,32.57537222446485,13.721697454163131,52.7
33.23326216201759,0.5734932809397736,0.6105437820459955,0.37986999278752975,0.7774830342864838,48.61777080698224,2.8239200426016082,36.7942432308726,59.07969120448022,3.260167705944262,39.54
47.67404492142714,0.6455920936594042,0.8689626588714348,0.024945625398558314,0.40197605893253663,49.880203718088936,0.6295019690054365,35.674386705842764,40.35811089002988,12.558205742007235,54.54
33.807483644138074,0.3907957642622055,0.2787123439285177,0.2924810930225856,0.6637531658449327,34.236856615168634,2.3016528944403647,33.002150602597844,27.942129373053465,13.364390049536645,27.26
37.91843407897772,0.2942483906155159,0.8915141454715745,0.3184688042474798,0.27182016858602687,34.625103364777665,2.526245953531699,41.48698459873389,69.8792205470584,10.931680887228943,41.07
38.05271004711631,0.2928386937346263,0.650295777053755,0.29976736549443894,0.37065044990302287,29.17614895270865,0.7461967365961528,31.677997825746985,64.68365005644537,3.7367837915687154,38.26
35.45191486506081,0.4812888941034694,0.8372284601496836,0.3123594720331033,0.8194558398488427,16.579751645373836,1.9360380974098397,40.4574643491742,59.97555639795786,11.48062721121054,50.31
32.632452224850894,0.23790631610135315,0.8594287052948391,0.22154415269813096,0.7658378009580298,34.15817533708992,4.637608953184726,42.769290907637384,36.761865611003074,12.616513663470666,48.85
36.81960902861323,0.6033018257772869,0.4268133527373049,0.1163087672749998,0.7014926370469399,54.98317084552675,0.8290735092389512,39.91803099083495,48.71299245573482,6.927409883704441,40.0
42.877078894981665,0.6903273395575082,0.7676060939710323,0.02671991897143875,0.7846844716580941,36.78456745081345,0.6309936810893367,38.293316884807595,58.78616202553928,4.366334158932666,52.07
38.84972576487816,0.31854926708729575,0.813203362065892,0.06756128216942514,0.7786666644176412,43.460742011979434,2.3505438122847644,37.17112586231666,31.910310219082863,4.341890865447848,55.01
32.49361565866983,0.5742025000085832,0.6313526583674169,0.022631471361761336,0.46840750125373126,47.63814843114871,1.5317314305613785,40.23520410873594,29.221006209821645,13.166403847392496,32.66
37.83131271183499,0.42038958529896014,0.4544026377200875,0.2901141204807047,0.2109376742797332,11.434621917533637,1.1063404045286094,38.800783126857546,65.07703665589578,2.7636768977759987,39.3
44.390271915050604,0.09980668040528698,0.3002598966452432,0.14001812969219435,0.2860022107663214,42.43087902522514,2.6195327060695415,34.98299834087084,57.62264313669061,5.514744476771197,54.33
41.07933477361617,0.27522845282939634,0.5779108832250709,0.10377939043775669,0.9387355555712511,25.65142498540368,4.504515932889804,44.626347773669444,49.110660698825484,10.759946841164183,64.58
29.831352655614435,0.6690717342012802,0.5196455157106852,0.3576252494246118,0.6917040094539213,8.469926333774184,2.201854260638303,31.329418629828936,32.643693901940196,10.58106492420073,25.88
47.32281137787959,0.3424501943649548,0.5428303767411122,0.11977155838846186,0.26421205460932107,33.58861927479825,1.854821592826054,38.60923447275509,50.00964135133092,4.602930161712736,52.12
34.161260187791704,0.205820652797007,0.7387930515078316,0.004762636799683318,0.4016621439688437,30.61645555094336,2.4855007444661976,43.98281055763255,62.96458665657598,11.019231526259091,48.68
36.578134647682646,0.07377021957621711,0.7751677747471732,0.17228516166484484,0.4407255437919921,34.544987757102646,3.8198615307187653,36.89187244905651,31.731242896392626,13.059757648448539,37.26
47.391432629934876,0.3376101162549317,0.8626362359583921,0.3658599038951704,0.5047004491176976,44.60131510732083,0.6309081527684748,29.4064825776206,41.01804716746103,9.317421201718021,50.59
38.30350250019502,0.684170487436551,0.800911800020137,0.09298824790089966,0.5960515714475563,11.913255994067256,1.4636487073423945,43.69101425411367,69.90001606424562,4.910731857414161,52.78
35.67718648683148,0.33980667452882923,0.2624740673416217,0.05908346557495761,0.5186204505677083,15.241869539457124,4.255686893496308,40.77629155642781,49.13522938963271,7.191551828820817,44.73
31.319906871479123,0.6268021082638311,0.23435416835799522,0.3693577847155317,0.30410753927336587,45.229150289932775,0.2866163762925458,41.8563288969432,51.28318479129483,2.228411011105955,26.78
30.031146020949706,0.40093852683688375,0.4324027583060116,0.3036673045191955,0.8399161787544878,27.142388452150204,3.8381130250734,43.582623851429844,56.01402418634416,5.863885833129822,36.99
32.599954802679335,0.34796542074598585,0.37212333534024855,0.3228998899429836,0.6574380704478564,35.92879125741226,0.7292637846600676,28.02482522832708,60.513398570389874,8.507676988739307,20.72
38.74478477979217,0.1895410408045149,0.6889336096794356,0.28039319212510233,0.2491494531204129,39.06984666069445,1.220135468117216,32.32685046835961,26.413661331510127,9.5284666732744,32.02
32.60983326301006,0.5651503058994995,0.7334219002984605,0.16390648326778026,0.25116887165421053,17.56963702857925,0.9940599148596714,44.299910031162085,61.798491888082566,2.9405176570905254,39.31
33.337726591514595,0.07087668472968574,0.4256108896224192,0.051034117525597236,0.3670490157349741,19.980104020283,2.1626741607096163,35.96352170428631,48.40887721148752,6.440009173319751,33.9
36.35716918837241,0.67688533543802,0.24734860941687484,0.23438053617941976,0.34523537853543423,22.522768369239845,2.8230358874571877,40.916760606185704,68.99790003049043,7.9234599578484435,34.76
43.83150436267353,0.1940220924007926,0.5554884705524381,0.3386845190598252,0.5028488817205767,31.962843864940695,0.7738400915539769,28.95145214903977,69.38271118299491,4.146748305295321,44.23
38.09369774348367,0.2934065453283155,0.268137342016918,0.0787656495593212,0.5700857509274819,25.817681942228653,4.031330450122779,33.30039527330602,67.31418041020606,5.3937242858020635,40.16
46.98626658499334,0.5963141954799545,0.421877576118311,0.15811387644046754,0.8316952064892995,7.4766505791197595,1.6144462930740826,37.03645366366319,62.300687960153475,8.775400088238472,57.02
47.242351373063286,0.1256667561981011,0.7460461479773806,0.050813943010130785,0.7496205797779489,31.240660165261524,1.4703018116987714,37.23673048310985,64.57372391738315,7.666204064681308,66.23
29.13211216132501,0.4612140353400894,0.6745520933445268,0.16070995510509017,0.38208529035476235,40.23026258825503,1.6599736377917564,29.258196959239815,43.43247427766888,8.469663141902613,15.8
39.84443425667348,0.1854080949844355,0.7825355094925719,0.11659279672201604,0.9194586376810816,19.91623786706868,4.56568618619665,42.94221745899057,63.87967363973678,2.4726233643109645,73.18
42.42600237903434,0.2672938796596854,0.5430688985890092,0.2559660160708834,0.9076527336918929,43.5643933623103,2.2568035630168386,38.9721520093878,33.36418939497122,7.087308748794786,57.54
40.13179428991583,0.5591119459862739,0.5568717148305562,0.15205737371793196,0.7569052835659598,7.875252640957938,4.897312804302458,44.122354158068575,64.6165872791289,12.611337186195748,57.73
37.95891440907744,0.5830534114641148,0.39827955854056374,0.3399655117623941,0.35066015892783775,48.713578096052416,2.7972090549711295,42.334587470192865,47.19142526060463,9.301186232738118,40.51
36.36424504616198,0.19318615222642027,0.2636862369243721,0.2359916254624862,0.658313840255009,35.276665685740426,0.3783973796389056,28.46606327739177,65.29376590238172,10.34602379870438,27.11
29.49273587482526,0.1552070591594304,0.7648432860426346,0.28923441109744397,0.6789898917435784,36.32112092956095,4.322594559592366,33.66879855217318,39.500350935117275,7.10512195606334,36.91
39.09797885205004,0.40548573778047164,0.7667156504806567,0.07122579976543762,0.5040507561376426,36.350845121996365,4.942480488417647,30.62598314386734,45.3412051102043,12.866981625258676,45.68
40.275604743898256,0.21712043596062713,0.3310475139344655,0.14968491741265383,0.3913309297689936,45.040746740703355,3.659376453407322,42.19836805503374,32.69870398170249,5.719632300436545,52.01
31.27096833122266,0.14464328712944136,0.4681412163764464,0.07457475518046715,0.25917699352940315,19.264275276859607,4.402877672191187,28.96105978687339,50.47473043254208,8.756046606970877,30.41
38.11017446030085,0.06120370534395428,0.23321583254245173,0.20448280506226268,0.9262319545347946,24.214740586298966,2.4671684599685,44.69507296072229,60.06010324460771,11.241318165411876,53.68
45.958253063966815,0.42776459850549253,0.6596881281330489,0.315022208116882,0.5049386600787984,52.57005479624553,4.942434717675581,37.98134314494073,34.992492426620004,11.298824207905263,59.21
39.542070031777406,0.10635728829790682,0.7651734935211054,0.3836347835482709,0.27066614347523543,41.04315114323691,4.332026545110784,29.86160573006355,36.105841130357014,6.702454976660633,40.83
37.86862531006095,0.13902614665206414,0.37945974132596216,0.18695113634802707,0.22944818461641497,35.811847586399466,0.3215451027906818,41.2748128526357,58.02329218774645,12.385279903671785,39.67
40.05170421914954,0.5576679293313922,0.5610241464132609,0.052321730805133894,0.2741942125078458,34.5066652129453,2.588516519714775,43.80252232444656,62.52283469604719,10.684990299845776,49.84
41.89221367046399,0.1100357769044193,0.25429408425517513,0.3263476773639752,0.4705276877023033,51.062756901241954,0.7675876882470787,31.379379202899102,59.792537468950904,12.169693300736473,35.95
29.982785305029438,0.29817149661750497,0.6524704471722281,0.36751824667262534,0.3792612732813243,34.217829940979925,0.8888926181528323,40.703738094175975,30.738600550129945,13.99978986130687,34.63
41.706743120761004,0.5550752422071737,0.38059284841964997,0.10193146772649607,0.6471102887000151,35.784678413758655,3.6585246855958293,37.86499779059274,32.851004828669446,13.089721695851292,47.46
39.30477036743766,0.6480018490298333,0.8390787140159275,0.06716258992425952,0.37895202179821746,34.29623000709489,1.818388798775106,40.42501507113081,48.508194442033044,5.193080671330268,48.69
41.82222142156478,0.5603418834739777,0.45869269310119704,0.041994153345826436,0.4649577554269601,35.784477418602194,3.847194372062729,42.954207056811725,68.2873847016343,8.35237009393116,53.07
33.24156035251265,0.41377361437648713,0.5775694481051323,0.3074776564709993,0.7798421371266884,17.837833832793855,4.452134883534919,43.155380716641744,67.67086865903161,7.491731929870044,41.49
43.69822661528596,0.47457179843876124,0.5025805792129263,0.33697248832330023,0.7731031662311489,33.44902979250524,4.9863002576323465,32.240843215099076,53.87893410789761,5.853525986620086,50.5
34.77892988287719,0.2674608834148254,0.4637782759315025,0.022671830587999688,0.22989581251096736,40.69595763306388,1.6923610542250769,28.36064838399905,28.666652045953168,4.350190894832472,29.88
46.92294408799488,0.4194345721035604,0.4758170588473542,0.21308489354107546,0.28461507564433663,39.49597016056594,4.854034372316567,30.22117130484557,31.867005516585447,9.54396061802524,47.85
30.521055764995317,0.48581448142059086,0.633060227169185,0.0870948043226584,0.8173842116201946,8.47304395667097,1.796359516412183,40.56074994466168,52.62555445955857,9.200851437842383,42.52
40.92925449677497,0.6182759808636845,0.5981371432989968,0.1605137929446305,0.7745669953968859,16.48046411373514,3.8460417716088804,32.759727641921145,46.61713413029487,10.870319818887335,45.14
29.713780905919958,0.3402637899758881,0.7682988919777689,0.39870598894848674,0.5500984863004506,7.468137572865489,1.9576914098957006,36.328690959982765,28.304283773381545,12.371107799082738,37.45
36.322311948827334,0.3081699279971478,0.21981597579117804,0.20755024856011836,0.5566820612383787,20.98603336612247,3.3616510011480165,34.987548167856836,50.72938017274217,12.62050909748444,40.24
35.95847679377097,0.6128375813234488,0.45066575116649404,0.17574515962747372,0.8006091667686961,33.77707892435435,4.682652074097268,36.001269982927894,46.55618837710711,2.5151404485977484,41.93
38.79998632103582,0.17162191403124955,0.5175083769776089,0.11332687205102583,0.21560999803292952,27.705690232023624,3.3020959148181674,33.74997283987892,59.94371326881459,3.752647169535182,40.9
46.69682988092126,0.6490767560095574,0.48458097395366717,0.167972755219161,0.8382766848479986,30.587098138389905,0.7621461836825518,29.952848526206026,30.900883223936304,11.369182452026678,39.14
33.99532382218143,0.15534772326211213,0.2864244644437992,0.29655500351372466,0.8643969272068293,30.616076106903392,3.9090084664884763,32.81318288485792,51.354870705433825,7.2564661741417105,42.35
37.74733548949516,0.6004113868493224,0.23624776247819648,0.1908423907884622,0.8549473070457763,44.08374033278546,2.568559902399917,30.912858867482687,63.183678833117476,3.8376149882554595,35.14
30.485503829044685,0.3483559243781354,0.6404385495808556,0.33084732439429665,0.5460032062863922,53.47745412242986,3.060113539785048,38.27497059967629,32.887961333185096,4.281392414241157,37.43
42.417588075108654,0.18305934697106807,0.5388123743848154,0.14248002452326555,0.529072817061343,14.550808776798384,0.8754697473552684,33.4485174939158,64.10125000776193,11.662709114105194,52.7
29.756170245607215,0.3704182987323787,0.39416754149763444,0.32937031800450406,0.5646358846845508,47.34080250349698,0.7193543294834102,44.491310304383575,59.51956039348507,10.782518756792431,34.15
37.40605480450347,0.14677779414020337,0.5478305220887533,0.32608953576422356,0.8446572192242257,28.404376692647308,3.7150506568366097,32.198195904066196,35.37461688594446,9.035114628596817,46.36
31.221048188441944,0.5448856203384465,0.5725032134081733,0.20815692296662314,0.3419821397597599,15.539313085828214,3.524997845036801,42.48235240252292,32.97454660664412,11.748148654330182,33.96
44.298236371506555,0.4281334790296901,0.4462894130835259,0.30840836864761734,0.5599590661790275,14.536932233073134,2.131456448754567,35.781186301765935,47.74053187562647,12.770762904905418,52.02
33.69621634082039,0.6755261724993458,0.36936373365176356,0.004446516296836833,0.8373657635909191,52.63118007994419,3.47423334787001,34.93004412126606,49.46896083374366,11.984018853159876,34.66
30.050517734218396,0.6141978662066525,0.6321448713514215,0.012911420854398692,0.2813642769277977,5.36777911311179,4.753081148410121,35.250804345333634,57.20270338860329,2.0206080961749335,41.33
37.64070774626633,0.650341735345741,0.5646282438786332,0.3155200596896199,0.6721000185202375,30.06800057726013,4.7515721065688075,36.42518677613137,65.15747642383795,2.4329315616184277,43.69
46.23323158468291,0.634528964166078,0.5395375413537453,0.18883886638787217,0.8078850759674296,20.4208260255226,4.698374840751414,32.26163004942241,28.347902229090387,11.263087431354275,52.59
35.1155473712668,0.2585914706067308,0.8863095639302272,0.22867066122928634,0.9439358319490931,20.866211393860414,2.1870523455694917,31.599965867847352,44.36638523527766,2.7440641148433857,45.52
37.061469522107075,0.5349155509853355,0.5059456165234378,0.20720215966536804,0.5342119216741412,30.39382255590717,3.9228994291984502,41.664366940513574,62.71261196706118,4.549158896835396,42.61
44.620113924071426,0.6622213629202418,0.5800883676828799,0.19719999120068335,0.773446078360595,54.56810430733212,2.244474552086358,30.80669452999217,62.54380604891254,10.525102501759761,44.86
34.470185934761034,0.4095952049495088,0.7120258922288134,0.31225863342202587,0.3167985273724355,14.271034869491599,3.7717880692402184,29.973910337159456,47.41721075160529,8.55190585270004,31.13
43.92672428253763,0.08602027698476375,0.7442111463465575,0.25841309932599543,0.5804131817550484,48.36338026888729,1.1707829025613423,41.61315859711393,33.449854334269595,13.885353166676012,57.85
39.06394518356101,0.15921092924385097,0.4855825465313602,0.059178668069824525,0.34536908884290507,6.170986453777386,0.23841701731448453,40.22820006381332,45.40572397357768,2.547106222137467,56.66
41.312202909250644,0.22177753582177107,0.507086602984069,0.1957066731622532,0.6274458610781481,47.587414438817234,3.0315213571239306,44.63834453376268,57.706409018352666,13.86220637924971,57.88
41.56898376926179,0.5296340718420203,0.7283229241982978,0.00977185133451637,0.29560574055136846,14.841564073512647,1.5031735562068067,43.39125921802048,57.5171450562596,3.719379326412426,60.33
32.86243090258165,0.5894113702710263,0.842457890213689,0.06571605472543567,0.512428086483133,52.547523233164476,3.354029324919628,42.75764676182988,41.09621789518694,4.5164283948388375,44.78
30.74852669754938,0.5959362328720691,0.7283860097987882,0.12196265401072136,0.5740336397892262,44.5580827802075,4.6875695349076425,33.98672843008287,60.5496318273369,4.333604973131401,30.67
41.72500020399913,0.14928055804559634,0.7178802451269515,0.2896230685073123,0.7567230926878163,20.9336257060834,3.751041199648812,42.05169096577097,40.620800929348704,4.4954919989725255,64.37
40.41388129962337,0.34925165987921725,0.8158207341579908,0.054402257431259086,0.8079384543957313,28.522706345931777,0.4041164552865505,44.534415656535145,60.0130034236979,4.577069886254927,59.1
46.7069111731156,0.5703026400627368,0.28901930319945257,0.07455253329334917,0.7655247011781867,50.517900064075576,1.2320870618932167,35.8340731988012,31.965728185710365,7.73609411396833,50.93
28.371097768187198,0.46790267460129287,0.6478249493800138,0.1820033947462545,0.8715516969456598,10.010588911042836,0.44629678617787205,36.42912971956915,48.986553403694934,5.200270234924221,31.49
33.074544799662995,0.22560518867653312,0.7676905183748446,0.369129470331506,0.6021048095036448,3.990807321221346,1.9060874362681295,31.806977086469036,47.99581213005949,10.190861471225357,42.59
38.747199614518465,0.5439092043679504,0.3723029059312164,0.0783871593055041,0.8042262101203863,4.925228439723426,0.9228636018107124,28.2100646728586,49.99231570551581,9.201028781688422,42.54
36.285380586205605,0.3938689302220016,0.33575646106117385,0.3304970899344628,0.935579752779707,31.112389897594834,1.9969065839282691,41.46030618150591,33.68823689878879,5.8492827931500235,47.9
31.725883452358715,0.12287512559377843,0.5824475869511664,0.23496693467310334,0.6478625780081901,11.552867910127478,3.6614946909851205,32.11877917485653,67.66461479261045,4.73548612818454,40.83
39.35690386634832,0.18185111751936284,0.640001677743189,0.09168534422837911,0.5210632731423515,12.334748840976662,2.2582945139715873,30.320845758297732,40.208787597663004,4.387179401813636,48.86
42.58708167189021,0.15843260880653073,0.25803318676937437,0.010297842405211633,0.37000384710083056,27.969223031828985,2.1194393449481623,44.515483539963505,60.651054033637855,2.9382401929743747,62.68
28.53198103749713,0.13984713493486672,0.5705920041784032,0.03069521413008367,0.24490096048259527,9.144398223388572,3.4131854963514248,28.329088123437867,68.63317450873282,6.569435162174631,37.58
37.49625667935726,0.38661016650080987,0.4940093722746837,0.1945303523257243,0.4548004255619647,19.744385877618477,0.33111327255325307,39.42060907930981,52.777239080435706,10.025844528466413,37.83
37.461694793376026,0.6231507822964572,0.5107602728004937,0.1910456109846247,0.6747143882861673,14.226872768052171,1.243309388274096,36.667141351733434,28.087441797413224,4.839896593087927,43.23
37.274668546524794,0.06730425680692563,0.2425189928536025,0.3678061514290528,0.9175388362552195,36.33739956672235,1.0877365210003838,34.25746552669289,38.74601754345869,11.421875849857251,38.92
